年月日,曜日,平均気温(℃),最高気温(℃),最低気温(℃),エリア
2024年1月1日,月,9.2,12.5,4.4,東京
2024年1月2日,火,6.1,9.2,2.8,東京
2024年1月3日,水,7.4,11,2.8,東京
2024年1月4日,木,9.7,15.3,6.3,東京
2024年1月5日,金,7.4,13.6,2.9,東京
2024年1月6日,土,9.1,15.6,3,東京
2024年1月7日,日,8.3,12.7,5.7,東京
2024年1月8日,月,5.4,10.2,2.7,東京
2024年1月9日,火,5.4,11,1.5,東京
2024年1月10日,水,7.2,12.3,1.7,東京
2024年1月11日,木,4.8,7.2,1.8,東京
2024年1月12日,金,7.1,13.7,0.1,東京
2024年1月13日,土,5.9,11.7,1.2,東京
2024年1月14日,日,6.4,10.5,0.2,東京
2024年1月15日,月,6.3,11.4,2.4,東京
2024年1月16日,火,3.7,7,0,東京
2024年1月17日,水,6.2,12.2,0.8,東京
2024年1月18日,木,8.5,13.4,2.5,東京
2024年1月19日,金,10.2,15.1,7.6,東京
2024年1月20日,土,6.3,7.6,4.6,東京
2024年1月21日,日,8.1,12.1,4.6,東京
2024年1月22日,月,10.7,14.6,6.7,東京
2024年1月23日,火,9,13.9,5.5,東京
2024年1月24日,水,4.5,8.4,1.1,東京
2024年1月25日,木,4.2,9.6,-1.1,東京
2024年1月26日,金,6.2,12,1.8,東京
2024年1月27日,土,7.2,12.2,2.9,東京
2024年1月28日,日,6,9.6,2.8,東京
2024年1月29日,月,6.8,11.9,2.4,東京
2024年1月30日,火,7.7,13.3,4,東京
2024年1月31日,水,9.3,14.1,2.7,東京
2024年2月1日,木,9.8,16.3,5,東京
2024年2月2日,金,5,7.6,3.3,東京
2024年2月3日,土,6.9,11.7,3.4,東京
2024年2月4日,日,4.9,6.9,2.6,東京
2024年2月5日,月,3,6.2,0.3,東京
2024年2月6日,火,3.4,5.4,0.8,東京
2024年2月7日,水,4.7,9.6,-0.1,東京
2024年2月8日,木,5.7,11.3,1.2,東京
2024年2月9日,金,6.8,11.3,2.5,東京
2024年2月10日,土,7.1,12.4,1.8,東京
2024年2月11日,日,8.1,12.8,4.3,東京
2024年2月12日,月,7.3,12.7,3.6,東京
2024年2月13日,火,9.6,17.3,1.6,東京
2024年2月14日,水,10.9,18.5,4.2,東京
2024年2月15日,木,14.4,21.1,6.1,東京
2024年2月16日,金,10.6,17,6.2,東京
2024年2月17日,土,9,13.6,4.6,東京
2024年2月18日,日,13.4,18.8,9.2,東京
2024年2月19日,月,15,17.2,12.8,東京
2024年2月20日,火,18.1,23.7,12.8,東京
2024年2月21日,水,8.7,13.2,7.3,東京
2024年2月22日,木,5.5,8,3.6,東京
2024年2月23日,金,2.8,4,1.7,東京
2024年2月24日,土,5.3,10.3,1.2,東京
2024年2月25日,日,4.4,5.8,3.5,東京
2024年2月26日,月,7.8,13.3,4.8,東京
2024年2月27日,火,7,11.4,4.1,東京
2024年2月28日,水,8.3,14.4,4.1,東京
2024年2月29日,木,7.6,11.8,3.5,東京
2024年3月1日,金,9.9,16.4,3.7,東京
2024年3月2日,土,6.3,10.1,3.9,東京
2024年3月3日,日,7.5,13.4,1.2,東京
2024年3月4日,月,9.4,15.7,2.9,東京
2024年3月5日,火,6.4,9.1,2,東京
2024年3月6日,水,5.6,10.4,2,東京
2024年3月7日,木,6.9,10.7,4.9,東京
2024年3月8日,金,4.5,9.4,0.4,東京
2024年3月9日,土,6.1,11.2,2.6,東京
2024年3月10日,日,6.7,13.6,0.5,東京
2024年3月11日,月,8.2,13.8,1.8,東京
2024年3月12日,火,7.8,10,6.1,東京
2024年3月13日,水,9.5,13.7,6.7,東京
2024年3月14日,木,9.5,15.6,2.8,東京
2024年3月15日,金,11.8,17.6,6.2,東京
2024年3月16日,土,14.8,22.7,10.8,東京
2024年3月17日,日,16,21.7,9.8,東京
2024年3月18日,月,9.5,14.6,4.1,東京
2024年3月19日,火,8.4,12.4,3.7,東京
2024年3月20日,水,8.5,15.7,4.7,東京
2024年3月21日,木,6.5,11.4,3.4,東京
2024年3月22日,金,7.2,13.3,1.8,東京
2024年3月23日,土,5.7,9.3,2.6,東京
2024年3月24日,日,10.2,15.5,4.2,東京
2024年3月25日,月,11.3,12.5,10.8,東京
2024年3月26日,火,9.4,12.3,6.1,東京
2024年3月27日,水,10.9,16.5,6,東京
2024年3月28日,木,10.9,14.6,7.2,東京
2024年3月29日,金,16.3,22.2,11.7,東京
2024年3月30日,土,17.8,24.6,12.3,東京
2024年3月31日,日,19.5,28.1,12.2,東京
2024年4月1日,月,14.6,19.7,11.8,東京
2024年4月2日,火,14.2,20.6,8.4,東京
2024年4月3日,水,13.9,16.6,12.3,東京
2024年4月4日,木,15.4,19.9,11.3,東京
2024年4月5日,金,11.4,15.1,9,東京
2024年4月6日,土,12.7,15.8,9,東京
2024年4月7日,日,17,22.6,13.1,東京
2024年4月8日,月,18.8,23.2,15.4,東京
2024年4月9日,火,15.6,19.8,9.7,東京
2024年4月10日,水,11.7,17.8,7.4,東京
2024年4月11日,木,14,19.8,7.7,東京
2024年4月12日,金,15,18.2,12.8,東京
2024年4月13日,土,16.4,22.7,11.1,東京
2024年4月14日,日,18,24.8,12.7,東京
2024年4月15日,月,19.4,26.8,14,東京
2024年4月16日,火,19.2,23.4,15.9,東京
2024年4月17日,水,20.1,25.5,16.5,東京
2024年4月18日,木,17.9,21.4,14.3,東京
2024年4月19日,金,18.3,23.6,14.1,東京
2024年4月20日,土,19.4,26.1,12.7,東京
2024年4月21日,日,18.4,23.3,14.9,東京
2024年4月22日,月,15.6,18.6,13.2,東京
2024年4月23日,火,16.9,19.4,14.8,東京
2024年4月24日,水,15,16.5,13.9,東京
2024年4月25日,木,19.5,25.8,13.8,東京
2024年4月26日,金,20.3,25.1,15.1,東京
2024年4月27日,土,19.5,23.2,16.6,東京
2024年4月28日,日,21.6,28.2,15.7,東京
2024年4月29日,月,21.2,25.8,17.4,東京
2024年4月30日,火,20.9,25.2,18.2,東京
2024年5月1日,水,16.5,21.2,11.8,東京
2024年5月2日,木,15.3,21.7,10.8,東京
2024年5月3日,金,17.7,24.2,11.4,東京
2024年5月4日,土,20.9,27.8,14.8,東京
2024年5月5日,日,21.5,27.7,15.4,東京
2024年5月6日,月,20.9,23.6,19.1,東京
2024年5月7日,火,20,22.2,18.6,東京
2024年5月8日,水,17.8,23.8,11.4,東京
2024年5月9日,木,13.7,18.9,10.2,東京
2024年5月10日,金,17.5,24.4,8.7,東京
2024年5月11日,土,20.3,25.9,14.1,東京
2024年5月12日,日,21.1,24.8,17.3,東京
2024年5月13日,月,19.3,22,15.4,東京
2024年5月14日,火,16.9,21.6,12.2,東京
2024年5月15日,水,19.4,25.7,13.8,東京
2024年5月16日,木,18.7,25.1,14.7,東京
2024年5月17日,金,20.6,27.2,13.4,東京
2024年5月18日,土,21.9,28.8,16.2,東京
2024年5月19日,日,20.8,24.1,17.7,東京
2024年5月20日,月,17.4,21.4,14.4,東京
2024年5月21日,火,22.5,28.9,16.9,東京
2024年5月22日,水,20.6,25.3,18,東京
2024年5月23日,木,21.4,25.2,18.1,東京
2024年5月24日,金,23.3,29,18.1,東京
2024年5月25日,土,21.4,25.8,18.3,東京
2024年5月26日,日,21.6,26.6,17.6,東京
2024年5月27日,月,22.3,25.1,20.3,東京
2024年5月28日,火,24,25.9,22.4,東京
2024年5月29日,水,22,25.8,18.8,東京
2024年5月30日,木,22.5,27.3,17.5,東京
2024年5月31日,金,19,21.7,16.6,東京
2024年6月1日,土,20.9,26.3,17.4,東京
2024年6月2日,日,18.7,24.6,16.2,東京
2024年6月3日,月,18.3,24.3,15,東京
2024年6月4日,火,19.5,25.5,14.8,東京
2024年6月5日,水,21.4,27.4,16.4,東京
2024年6月6日,木,22,27,18.1,東京
2024年6月7日,金,22.1,26.7,18.1,東京
2024年6月8日,土,22.8,28.2,17.4,東京
2024年6月9日,日,22.4,25.7,19.9,東京
2024年6月10日,月,20.7,24.7,17.4,東京
2024年6月11日,火,24,29,19.5,東京
2024年6月12日,水,24.6,30.1,20,東京
2024年6月13日,木,22.6,25.4,20,東京
2024年6月14日,金,25.9,31.7,19.5,東京
2024年6月15日,土,24.8,29.9,20.9,東京
2024年6月16日,日,23.7,28.7,19.7,東京
2024年6月17日,月,26,30.5,22.5,東京
2024年6月18日,火,19.2,22.5,18,東京
2024年6月19日,水,23.5,29.5,17.2,東京
2024年6月20日,木,24.4,28.4,20.8,東京
2024年6月21日,金,20.1,23.3,17.3,東京
2024年6月22日,土,23.9,30,16.8,東京
2024年6月23日,日,21.6,24.2,20,東京
2024年6月24日,月,26.7,33.4,21,東京
2024年6月25日,火,27.8,31.8,24.5,東京
2024年6月26日,水,26.9,31.4,24.6,東京
2024年6月27日,木,25.4,29.8,23,東京
2024年6月28日,金,22,23.8,20,東京
2024年6月29日,土,23.7,29,20.7,東京
2024年6月30日,日,25.9,29,22.8,東京
2024年7月1日,月,26.3,29.4,24.6,東京
2024年7月2日,火,27.3,31.4,24.1,東京
2024年7月3日,水,27.7,33.3,23.6,東京
2024年7月4日,木,29.3,35,25,東京
2024年7月5日,金,30.2,35.5,26.2,東京
2024年7月6日,土,28.1,34.2,23.9,東京
2024年7月7日,日,28.9,34.4,24.2,東京
2024年7月8日,月,30.9,36,26.1,東京
2024年7月9日,火,30.1,34.5,26.2,東京
2024年7月10日,水,29.5,33.7,26.6,東京
2024年7月11日,木,27.8,29.6,26.1,東京
2024年7月12日,金,24.4,26.9,22.4,東京
2024年7月13日,土,26.2,31.3,22.5,東京
2024年7月14日,日,25.4,28.8,23.7,東京
2024年7月15日,月,24.6,27.7,23.2,東京
2024年7月16日,火,23.9,27.3,22.2,東京
2024年7月17日,水,25.8,31.3,22.1,東京
2024年7月18日,木,28.4,33.4,24.4,東京
2024年7月19日,金,30,34.5,26,東京
2024年7月20日,土,30.7,35.8,25,東京
2024年7月21日,日,29.1,34.6,24.6,東京
2024年7月22日,月,30.5,36.6,24.8,東京
2024年7月23日,火,29.5,34.5,24.2,東京
2024年7月24日,水,30.1,36,24.9,東京
2024年7月25日,木,30.2,34.8,27,東京
2024年7月26日,金,30.1,35.6,26.1,東京
2024年7月27日,土,30.3,35.6,26.7,東京
2024年7月28日,日,31.6,36.8,26.5,東京
2024年7月29日,月,32.3,37.3,29.3,東京
2024年7月30日,火,30.8,36.1,27.8,東京
2024年7月31日,水,29.4,35.6,24.6,東京
2024年8月1日,木,28.5,33.5,24.5,東京
2024年8月2日,金,28.7,33.9,25.4,東京
2024年8月3日,土,29.4,34.6,26,東京
2024年8月4日,日,30,35.3,25.4,東京
2024年8月5日,月,30,35,26.1,東京
2024年8月6日,火,29.9,33.5,26.6,東京
2024年8月7日,水,28.9,34.6,23.9,東京
2024年8月8日,木,28.1,33.9,24.4,東京
2024年8月9日,金,30,35.3,26.6,東京
2024年8月10日,土,30,34.9,26.8,東京
2024年8月11日,日,31.5,35.9,27.4,東京
2024年8月12日,月,31.2,35.5,28.3,東京
2024年8月13日,火,30.8,34.9,27.7,東京
2024年8月14日,水,30.4,34.7,27.4,東京
2024年8月15日,木,30.3,35.7,26.8,東京
2024年8月16日,金,26.7,29.1,25.2,東京
2024年8月17日,土,30.4,35.9,25.4,東京
2024年8月18日,日,29.7,34,26.9,東京
2024年8月19日,月,29.2,34.5,23.3,東京
2024年8月20日,火,28.3,34.7,23.5,東京
2024年8月21日,水,28.3,33.6,24.6,東京
2024年8月22日,木,27.5,30.5,25.1,東京
2024年8月23日,金,28.9,32.3,27,東京
2024年8月24日,土,29.4,34.4,25.4,東京
2024年8月25日,日,28.6,33.5,25.3,東京
2024年8月26日,月,29.2,33.6,25.9,東京
2024年8月27日,火,27.7,31.5,24.5,東京
2024年8月28日,水,28,31.4,26.2,東京
2024年8月29日,木,27.1,31.4,25.4,東京
2024年8月30日,金,26,27.6,25,東京
2024年8月31日,土,27.1,31.1,24.7,東京
2024年9月1日,日,26.2,30.5,23.7,東京
2024年9月2日,月,29.3,34.1,25.4,東京
2024年9月3日,火,24.9,27.4,23.3,東京
2024年9月4日,水,25.4,30,22.8,東京
2024年9月5日,木,26.7,31.8,22.4,東京
2024年9月6日,金,28.3,33.5,24.6,東京
2024年9月7日,土,28.7,33.8,25.8,東京
2024年9月8日,日,28.9,33.6,25.5,東京
2024年9月9日,月,28.3,33.7,25.2,東京
2024年9月10日,火,28.6,33.7,24.5,東京
2024年9月11日,水,29.6,34.2,26.3,東京
2024年9月12日,木,29.6,34.5,26.8,東京
2024年9月13日,金,29.6,33.9,26.5,東京
2024年9月14日,土,29.5,34.5,26.3,東京
2024年9月15日,日,29.9,34.4,25.8,東京
2024年9月16日,月,25.7,28.3,23.9,東京
2024年9月17日,火,27.7,33.4,23.3,東京
2024年9月18日,水,28.8,35.1,24.8,東京
2024年9月19日,木,27.7,33.6,24.7,東京
2024年9月20日,金,29.4,33.9,25.5,東京
2024年9月21日,土,28.5,32.6,24,東京
2024年9月22日,日,24.6,28.9,22.5,東京
2024年9月23日,月,22.6,27.7,19.7,東京
2024年9月24日,火,20.9,25.3,17.7,東京
2024年9月25日,水,20.4,23.7,17.9,東京
2024年9月26日,木,24.1,29.1,19.4,東京
2024年9月27日,金,23.8,24.8,22.4,東京
2024年9月28日,土,24,27.4,21.8,東京
2024年9月29日,日,22.6,25,21.3,東京
2024年9月30日,月,22.7,25.3,20.5,東京
2024年10月1日,火,23.3,26.6,20.1,東京
2024年10月2日,水,26.5,31.9,22,東京
2024年10月3日,木,23.1,25.4,21.6,東京
2024年10月4日,金,25.9,30.4,22.3,東京
2024年10月5日,土,21.3,24.5,18.9,東京
2024年10月6日,日,21.3,22.9,19.1,東京
2024年10月7日,月,25,29.9,20.7,東京
2024年10月8日,火,18.8,25.3,15.1,東京
2024年10月9日,水,16,17.7,14.9,東京
2024年10月10日,木,17.8,22.1,15.2,東京
2024年10月11日,金,19,24.3,14.3,東京
2024年10月12日,土,20.6,25.8,16.4,東京
2024年10月13日,日,20.9,26.6,16.9,東京
2024年10月14日,月,20.8,26.4,16.8,東京
2024年10月15日,火,22.1,26.6,17.9,東京
2024年10月16日,水,22.6,26.4,19,東京
2024年10月17日,木,22.8,26,20.7,東京
2024年10月18日,金,21.6,22.9,20.5,東京
2024年10月19日,土,24.2,30.1,21.2,東京
2024年10月20日,日,17.4,22.7,13.3,東京
2024年10月21日,月,16.2,20.5,11.5,東京
2024年10月22日,火,19.7,24.4,14.5,東京
2024年10月23日,水,21.9,24.8,18.8,東京
2024年10月24日,木,22.6,26.3,19.8,東京
2024年10月25日,金,20.2,21.8,18.3,東京
2024年10月26日,土,19,20.7,17.2,東京
2024年10月27日,日,19.7,23.8,16.6,東京
2024年10月28日,月,18.8,20.7,17.2,東京
2024年10月29日,火,15.4,18.8,12.4,東京
2024年10月30日,水,16.8,22.4,12.6,東京
2024年10月31日,木,16.2,20.2,12.9,東京
2024年11月1日,金,17,21.9,12.1,東京
2024年11月2日,土,16,16.9,14.9,東京
2024年11月3日,日,17.5,22.6,14.2,東京
2024年11月4日,月,17.2,22.9,11.4,東京
2024年11月5日,火,16.6,19.6,13.5,東京
2024年11月6日,水,14.4,16.5,12.2,東京
2024年11月7日,木,13.4,18,10.7,東京
2024年11月8日,金,11.8,15.8,8.2,東京
2024年11月9日,土,12.7,17.5,7.8,東京
2024年11月10日,日,13.8,16.4,11.4,東京
2024年11月11日,月,16.3,20.7,13.2,東京
2024年11月12日,火,16.3,21.3,11.8,東京
2024年11月13日,水,16.5,20.8,12.6,東京
2024年11月14日,木,15.8,18.2,11.9,東京
2024年11月15日,金,15.9,17.7,13.8,東京
2024年11月16日,土,16.7,18.9,14.3,東京
2024年11月17日,日,18.9,23.8,15.1,東京
2024年11月18日,月,13.7,18.9,10.1,東京
2024年11月19日,火,9.7,13.2,7.3,東京
2024年11月20日,水,7.6,8.8,5.5,東京
2024年11月21日,木,10.5,13.6,8.5,東京
2024年11月22日,金,11.9,18,7.1,東京
2024年11月23日,土,12,16,8.4,東京
2024年11月24日,日,10.7,14.8,7.4,東京
2024年11月25日,月,9.9,14.6,5.8,東京
2024年11月26日,火,10,14.5,5.6,東京
2024年11月27日,水,14.5,20.1,9.3,東京
2024年11月28日,木,13.2,18.3,9.4,東京
2024年11月29日,金,11.4,16.5,7.9,東京
2024年11月30日,土,10.4,16.7,5.7,東京
2024年12月1日,日,11.2,16.6,6.7,東京
2024年12月2日,月,11.4,16.8,7.6,東京
2024年12月3日,火,11.9,17.5,7.4,東京
2024年12月4日,水,12.7,17.8,8.4,東京
2024年12月5日,木,11.5,15.5,8.9,東京
2024年12月6日,金,11,16.7,5.2,東京
2024年12月7日,土,8.9,12.4,5.9,東京
2024年12月8日,日,7.7,14.2,4.2,東京
2024年12月9日,月,7.7,13,2.5,東京
2024年12月10日,火,8.5,13.8,4.4,東京
2024年12月11日,水,8.7,13.5,5.4,東京
2024年12月12日,木,7.1,10.8,4.3,東京
2024年12月13日,金,5.3,8.4,1.2,東京
2024年12月14日,土,7.2,12.3,3.5,東京
2024年12月15日,日,6.6,12.2,0.8,東京
2024年12月16日,月,7.7,12.7,3.3,東京
2024年12月17日,火,8,13.8,2.7,東京
2024年12月18日,水,7.6,13.2,2.8,東京
2024年12月19日,木,5.2,8.3,2.5,東京
2024年12月20日,金,6.5,11.6,1.1,東京
2024年12月21日,土,9.4,16.5,2.8,東京
2024年12月22日,日,6.9,11.6,2.6,東京
2024年12月23日,月,6.1,11.1,2.4,東京
2024年12月24日,火,6.7,12.2,1.8,東京
2024年12月25日,水,7.7,11.3,4.5,東京
2024年12月26日,木,8.9,14.7,3.4,東京
2024年12月27日,金,7.4,12.7,3.8,東京
2024年12月28日,土,5.4,11.5,1.4,東京
2024年12月29日,日,6,12.3,0.5,東京
2024年12月30日,月,6.2,10.3,3.5,東京
2024年12月31日,火,8,14.6,2.8,東京
2025年1月1日,水,7.1,12.2,4.1,東京
2025年1月2日,木,7.8,13.9,2.1,東京
2025年1月3日,金,5.5,7.6,3.7,東京
2025年1月4日,土,5.1,9.6,1.6,東京
2025年1月5日,日,4.6,10,-0.2,東京
2025年1月6日,月,4.5,8.1,1.5,東京
2025年1月7日,火,8.1,12.9,3.6,東京
2025年1月8日,水,6.6,12.3,2.7,東京
2025年1月9日,木,6.7,12.7,2.3,東京
2025年1月10日,金,4.6,9.4,0.1,東京
2025年1月11日,土,5.3,11.3,0.2,東京
2025年1月12日,日,5.4,9,2.6,東京
2025年1月13日,月,6.9,13.4,1.1,東京
2025年1月14日,火,6.4,12.8,1.2,東京
2025年1月15日,水,7.6,15.6,2.7,東京
2025年1月16日,木,4.6,7.7,2.6,東京
2025年1月17日,金,4.9,9.7,1,東京
2025年1月18日,土,4.6,9.7,0.8,東京
2025年1月19日,日,5.9,9.2,1.6,東京
2025年1月20日,月,9.2,13.9,5,東京
2025年1月21日,火,9.4,13.8,7.1,東京
2025年1月22日,水,8.2,13.4,4.1,東京
2025年1月23日,木,8.5,13.9,4.8,東京
2025年1月24日,金,9.2,14.6,4.4,東京
2025年1月25日,土,6.8,9.2,4.4,東京
2025年1月26日,日,7,12.5,3.2,東京
2025年1月27日,月,6.4,10.2,2.3,東京
2025年1月28日,火,8.4,13.6,4.6,東京
2025年1月29日,水,7,12.8,2.6,東京
2025年1月30日,木,6.5,12.2,1.2,東京
2025年1月31日,金,7.1,13.2,2.2,東京
2025年2月1日,土,7.5,12.2,2.8,東京
2025年2月2日,日,4.6,8.8,3.1,東京
2025年2月3日,月,6.1,9.6,4,東京
2025年2月4日,火,6,11.2,2.3,東京
2025年2月5日,水,4.1,9,-0.1,東京
2025年2月6日,木,4,9.2,-0.6,東京
2025年2月7日,金,4.9,10.6,-0.6,東京
2025年2月8日,土,4.6,9.7,0.3,東京
2025年2月9日,日,5.2,11.5,0.7,東京
2025年2月10日,月,5.5,11.4,-0.5,東京
2025年2月11日,火,5.1,10.5,0.3,東京
2025年2月12日,水,7.2,12.7,0.4,東京
2025年2月13日,木,7.4,13.1,3.4,東京
2025年2月14日,金,7.9,14.5,2.4,東京
2025年2月15日,土,9.6,14,5.2,東京
2025年2月16日,日,11.3,16.9,7.5,東京
2025年2月17日,月,9.3,15.5,3.9,東京
2025年2月18日,火,5,9.7,1.9,東京
2025年2月19日,水,3.9,8.9,0.4,東京
2025年2月20日,木,4.5,10.6,-1,東京
2025年2月21日,金,5.4,10.9,1,東京
2025年2月22日,土,4.4,9.4,1.4,東京
2025年2月23日,日,5.2,11.1,-0.4,東京
2025年2月24日,月,4.8,10.8,-0.1,東京
2025年2月25日,火,7.1,12.7,0.5,東京
2025年2月26日,水,10.4,17.6,4,東京
2025年2月27日,木,10.2,16.5,4.2,東京
2025年2月28日,金,11,16.6,5.4,東京
2025年3月1日,土,13.3,19.7,6.5,東京
2025年3月2日,日,14.6,22.1,7.9,東京
2025年3月3日,月,5.9,14.4,1.6,東京
2025年3月4日,火,2.4,5.4,0.4,東京
2025年3月5日,水,5.3,8.4,0.8,東京
2025年3月6日,木,9.1,11.7,6.6,東京
2025年3月7日,金,6.9,12.2,3.2,東京
2025年3月8日,土,3.2,6.8,0.5,東京
2025年3月9日,日,6.9,13.5,1.5,東京
2025年3月10日,月,9.1,14.9,3.2,東京
2025年3月11日,火,10.3,13.8,6.3,東京
2025年3月12日,水,11.6,14.7,8.8,東京
2025年3月13日,木,14.5,20.4,9.1,東京
2025年3月14日,金,12.8,19.6,8.5,東京
2025年3月15日,土,8.9,12,6.7,東京
2025年3月16日,日,6.4,7.8,4.8,東京
2025年3月17日,月,10,16.2,6.6,東京
2025年3月18日,火,8.6,12.9,4.6,東京
2025年3月19日,水,5.6,10.7,0.5,東京
2025年3月20日,木,8.3,13.7,4.3,東京
2025年3月21日,金,11.2,17.4,3.9,東京
2025年3月22日,土,15.8,23.6,6.9,東京
2025年3月23日,日,17.3,25.6,11.4,東京
2025年3月24日,月,14.8,19.2,10,東京
2025年3月25日,火,17.8,25,10.1,東京
2025年3月26日,水,20.4,25.9,14.9,東京
2025年3月27日,木,17.9,22.4,12.2,東京
2025年3月28日,金,19.9,25.7,14.1,東京
2025年3月29日,土,7.6,14.3,4.3,東京
2025年3月30日,日,9.4,15.6,5.1,東京
2025年3月31日,月,7,8.9,5.5,東京
2025年4月1日,火,5.1,5.8,4.1,東京
2025年4月2日,水,9.5,13.7,5.7,東京
2025年4月3日,木,8.4,9.8,6,東京
2025年4月4日,金,11.4,18.4,5.3,東京
2025年4月5日,土,12,17,6.1,東京
2025年4月6日,日,15.1,20.1,10.6,東京
2025年4月7日,月,14.3,19.7,10.5,東京
2025年4月8日,火,15,20.2,7.9,東京
2025年4月9日,水,16.3,23.8,11,東京
2025年4月10日,木,16.5,22.8,12,東京
2025年4月11日,金,15.5,20,12.9,東京
2025年4月12日,土,15.3,20.5,11.2,東京
2025年4月13日,日,13.1,14.1,11.9,東京
2025年4月14日,月,16.9,23,13.4,東京
2025年4月15日,火,16.2,22,11.1,東京
2025年4月16日,水,14.8,21.1,7.7,東京
2025年4月17日,木,17.8,25.2,10,東京
2025年4月18日,金,19.2,24.9,13.8,東京
2025年4月19日,土,20.8,27.8,15.7,東京
2025年4月20日,日,20.5,23.7,17.9,東京
2025年4月21日,月,18.5,25.1,13.1,東京
2025年4月22日,火,18,23.2,12.7,東京
2025年4月23日,水,17.2,19.7,14.1,東京
2025年4月24日,木,19.4,24.3,16.6,東京
2025年4月25日,金,18.7,22.8,16.7,東京
2025年4月26日,土,14.5,19.2,10.5,東京
2025年4月27日,日,17,23.2,9.6,東京
2025年4月28日,月,17.4,23.5,13.3,東京
2025年4月29日,火,17.1,23.1,12.7,東京
2025年4月30日,水,17.4,24.2,11.1,東京
2025年5月1日,木,18.2,23.8,12.9,東京
2025年5月2日,金,16.2,18.7,14,東京
2025年5月3日,土,18.2,24.6,13.6,東京
2025年5月4日,日,18.5,25.9,13.7,東京
2025年5月5日,月,17.7,23.9,11.6,東京
2025年5月6日,火,14.8,18.1,12.9,東京
2025年5月7日,水,17.9,23,12.9,東京
2025年5月8日,木,18,22.7,14.3,東京
2025年5月9日,金,18.1,23.2,14.6,東京
2025年5月10日,土,18.8,21.9,15.5,東京
2025年5月11日,日,20.5,26.7,15.6,東京
2025年5月12日,月,16.8,20.3,15.3,東京
2025年5月13日,火,19.8,25.6,15.2,東京
2025年5月14日,水,20.6,26.3,15.8,東京
2025年5月15日,木,21.1,26.8,16.6,東京
2025年5月16日,金,21.4,25.4,17.5,東京
2025年5月17日,土,21.3,24.1,18.8,東京
2025年5月18日,日,24.2,27.1,21.9,東京
2025年5月19日,月,19.2,22.8,17.3,東京
2025年5月20日,火,23.9,31.1,16.1,東京
2025年5月21日,水,24.7,29.7,19.8,東京
2025年5月22日,木,23,27.9,16.9,東京
2025年5月23日,金,18.9,23.6,16.6,東京
2025年5月24日,土,17.7,20.9,15.2,東京
2025年5月25日,日,17.7,20.8,14.6,東京
2025年5月26日,月,19.1,22.7,16.8,東京
2025年5月27日,火,17.9,20.3,15.5,東京
2025年5月28日,水,19.5,25.1,15.8,東京
2025年5月29日,木,19.5,24.1,15.5,東京
2025年5月30日,金,15.1,16.5,13.9,東京
2025年5月31日,土,15.9,17.1,14.5,東京
2025年6月1日,日,18.6,24.8,15,東京
2025年6月2日,月,20.1,25,15.1,東京
2025年6月3日,火,18.9,21.2,17.7,東京
2025年6月4日,水,22.3,28.4,16.7,東京
2025年6月5日,木,22.8,28.9,17,東京
2025年6月6日,金,23.4,28.8,18.4,東京
2025年6月7日,土,23.6,29.6,20.1,東京
2025年6月8日,日,23.2,28.6,19.7,東京
2025年6月9日,月,21.9,25.9,19.3,東京
2025年6月10日,火,20.4,21.6,19.2,東京
2025年6月11日,水,20.8,23.1,19.7,東京
2025年6月12日,木,22.9,27.8,19.1,東京
2025年6月13日,金,22.5,26.4,19.4,東京
2025年6月14日,土,22.3,25.6,20.8,東京
2025年6月15日,日,24.9,29.2,21.7,東京
2025年6月16日,月,26.5,31.6,23.2,東京
2025年6月17日,火,29,34.8,23.6,東京
2025年6月18日,水,28.8,34.4,24.4,東京
2025年6月19日,木,27.8,33.5,23.9,東京
2025年6月20日,金,26.5,31.4,23.3,東京
2025年6月21日,土,26.5,31.4,22.5,東京
2025年6月22日,日,28.2,33.1,24.1,東京
2025年6月23日,月,27.9,31.9,25.6,東京
2025年6月24日,火,26.9,29.2,24.9,東京
2025年6月25日,水,26.2,29.4,24.5,東京
2025年6月26日,木,27.1,32.9,23.8,東京
2025年6月27日,金,27.1,32.2,23.5,東京
2025年6月28日,土,28.2,33.8,23.6,東京
2025年6月29日,日,27.6,32.6,23,東京
2025年6月30日,月,28.3,33.2,23.9,東京
2025年7月1日,火,28.2,33.5,25.3,東京
2025年7月2日,水,28,33,25.1,東京
2025年7月3日,木,28.5,33.4,25.4,東京
2025年7月4日,金,28.3,33.4,25.3,東京
2025年7月5日,土,29,34.4,24.7,東京
2025年7月6日,日,29.7,34.9,26.3,東京
2025年7月7日,月,30,35.6,26.7,東京
2025年7月8日,火,30.3,35.8,26.4,東京
2025年7月9日,水,29.9,34.7,27.1,東京
2025年7月10日,木,28.3,35.7,22.3,東京
2025年7月11日,金,23.2,25.1,21.6,東京
2025年7月12日,土,23.6,26.6,20.7,東京
2025年7月13日,日,26.8,32.3,22.2,東京
2025年7月14日,月,26.9,29.9,24.9,東京
2025年7月15日,火,26.9,30.6,25.2,東京
2025年7月16日,水,26.3,27.8,24.4,東京
2025年7月17日,木,27.3,31.5,23.8,東京
2025年7月18日,金,27.7,32.1,24.8,東京
2025年7月19日,土,28.3,33.1,24.3,東京
2025年7月20日,日,28.7,32.9,25.2,東京
2025年7月21日,月,29.7,34.3,25.7,東京
2025年7月22日,火,29.5,34.3,26,東京
2025年7月23日,水,29.4,34.3,25.9,東京
2025年7月24日,木,29.8,34.8,25.5,東京
2025年7月25日,金,30.2,35.1,26.1,東京
2025年7月26日,土,30.3,35.5,26.7,東京
2025年7月27日,日,29.4,34.1,26.3,東京
2025年7月28日,月,30.1,35.4,25.4,東京
2025年7月29日,火,30,36.4,25,東京
2025年7月30日,水,29.2,34.8,25.4,東京
2025年7月31日,木,27.9,33.4,24.7,東京
2025年8月1日,金,26.4,30.1,23.8,東京
2025年8月2日,土,28.9,35.1,24.9,東京
2025年8月3日,日,30.4,36.1,26.2,東京
2025年8月4日,月,31.3,36.1,27.7,東京
2025年8月5日,火,32.1,36.6,28.3,東京
2025年8月6日,水,32.3,37,28.1,東京
2025年8月7日,木,29.5,32.8,27.3,東京
2025年8月8日,金,28.6,35,24.5,東京
2025年8月9日,土,28.4,32.6,25,東京
2025年8月10日,日,26.3,27.7,24.5,東京
2025年8月11日,月,27.1,29.3,25.6,東京
2025年8月12日,火,28.2,31.1,26.1,東京
2025年8月13日,水,27.9,31.4,25.3,東京
2025年8月14日,木,27.8,32.5,24.7,東京
2025年8月15日,金,28.7,33.6,24.7,東京
2025年8月16日,土,28.8,33.2,26.7,東京
2025年8月17日,日,29.8,34.8,26.6,東京
2025年8月18日,月,31,37,26.7,東京
2025年8月19日,火,29.9,35,26.5,東京
2025年8月20日,水,30.4,35.1,26.3,東京
2025年8月21日,木,31.3,36.8,27.2,東京
2025年8月22日,金,30.3,35.2,27.3,東京
2025年8月23日,土,30.4,35.8,26.7,東京
2025年8月24日,日,31.3,37.3,27,東京
2025年8月25日,月,30.6,36.3,27.6,東京
2025年8月26日,火,30.1,35.1,26.9,東京
2025年8月27日,水,30.7,36,26.8,東京
2025年8月28日,木,28.9,33.9,25.6,東京
2025年8月29日,金,28.7,34.1,24.9,東京
2025年8月30日,土,31.6,38.5,26.7,東京
2025年8月31日,日,30.9,36.8,27.3,東京
2025年9月1日,月,30.4,36.4,27.1,東京
2025年9月2日,火,31.2,37,27.4,東京
2025年9月3日,水,30.3,37,25.5,東京
2025年9月4日,木,26.8,28.7,25.1,東京
2025年9月5日,金,24.7,26.7,23.3,東京
2025年9月6日,土,27.1,32.5,22,東京
2025年9月7日,日,27.4,31.7,24.8,東京
2025年9月8日,月,29.6,35,24.8,東京
2025年9月9日,火,29.3,33.4,27,東京
2025年9月10日,水,28.3,31.6,26.5,東京
2025年9月11日,木,27.2,34.4,23.7,東京
2025年9月12日,金,24.7,27.6,22.7,東京
2025年9月13日,土,26.3,30.2,23.2,東京
2025年9月14日,日,28.6,32.1,26.6,東京
2025年9月15日,月,27.4,30.5,25.3,東京
2025年9月16日,火,28.5,33.3,26,東京
2025年9月17日,水,29.2,34.3,25.2,東京
2025年9月18日,木,28.3,34.1,23.4,東京
2025年9月19日,金,22.4,26.3,18.6,東京
2025年9月20日,土,23.8,27.2,20.6,東京
2025年9月21日,日,25.7,31.1,18.6,東京
2025年9月22日,月,21.9,26.8,18.1,東京
2025年9月23日,火,22,26.2,18.8,東京
2025年9月24日,水,22.5,27.5,17.9,東京
2025年9月25日,木,23.8,28.9,19,東京
2025年9月26日,金,26.3,31.7,21.4,東京
2025年9月27日,土,24.6,28.1,22,東京
2025年9月28日,日,24.8,28.8,20.3,東京
2025年9月29日,月,27,30.9,23.8,東京
2025年9月30日,火,24.3,28.4,22.3,東京
2025年10月1日,水,20.5,23.6,18.3,東京
2025年10月2日,木,22,27.5,17.3,東京
2025年10月3日,金,22.8,26.3,19.3,東京
2025年10月4日,土,21.4,25.1,20.3,東京
2025年10月5日,日,23.7,28.8,19.3,東京
2025年10月6日,月,24.3,29.3,21.7,東京
2025年10月7日,火,21.8,25,20,東京
2025年10月8日,水,23.7,28.4,19.6,東京
2025年10月9日,木,21.3,24.6,17.7,東京
2025年10月10日,金,20.2,24.7,17.2,東京
2025年10月11日,土,17.6,20.5,15.9,東京
2025年10月12日,日,19.9,23.8,15.9,東京
2025年10月13日,月,21.4,25.2,18.7,東京
2025年10月14日,火,18.9,21.3,15.7,東京
2025年10月15日,水,17.5,20.3,15.2,東京
2025年10月16日,木,18.1,20.7,15.8,東京
2025年10月17日,金,19.8,25.1,16.3,東京
2025年10月18日,土,21,25.9,15.5,東京
2025年10月19日,日,20.1,24.5,15.8,東京
2025年10月20日,月,17.2,19.7,15.1,東京
2025年10月21日,火,15.6,17.2,13.9,東京
2025年10月22日,水,12.3,15.4,10.4,東京
2025年10月23日,木,14.3,17.9,11.5,東京
2025年10月24日,金,13.6,16.9,12,東京
2025年10月25日,土,12.8,13.6,12,東京
2025年10月26日,日,15.1,16.3,13.4,東京
2025年10月27日,月,18,23.9,14.6,東京
2025年10月28日,火,16.5,21.4,13.7,東京
2025年10月29日,水,14,16.8,12,東京
2025年10月30日,木,14.3,19.1,9.7,東京
2025年10月31日,金,14.5,17.1,12.7,東京
2025年11月1日,土,16.3,21.7,12.4,東京
2025年11月2日,日,15.2,19.1,12,東京
2025年11月3日,月,14,19.4,10.6,東京
2025年11月4日,火,12.6,17.5,8.2,東京
2025年11月5日,水,12.9,15.9,9,東京
2025年11月6日,木,15.1,19.2,11,東京
2025年11月7日,金,15.7,21.7,10.4,東京
2025年11月8日,土,14.1,17.5,11.4,東京
2025年11月9日,日,12,13.7,10,東京
2025年11月10日,月,13.9,20.7,10.3,東京
2025年11月11日,火,12.7,15.8,9.7,東京
2025年11月12日,水,11.7,14.7,8.1,東京
2025年11月13日,木,11.1,13.1,9.4,東京
2025年11月14日,金,14.2,20.2,8,東京
2025年11月15日,土,14.1,18.3,11.6,東京
2025年11月16日,日,13.3,17.9,9.5,東京
2025年11月17日,月,16,22.4,9.8,東京
2025年11月18日,火,12.5,16.3,7,東京
2025年11月19日,水,9.2,14.3,5.1,東京
2025年11月20日,木,9.8,14.8,7.2,東京
2025年11月21日,金,10.7,17.3,5.1,東京
2025年11月22日,土,12.4,17.2,7.4,東京
2025年11月23日,日,12.1,15.6,10.3,東京
2025年11月24日,月,12.4,18.8,7.6,東京
2025年11月25日,火,10.4,12.6,8,東京
2025年11月26日,水,12.1,18.6,6.2,東京
2025年11月27日,木,11.9,16.2,7.3,東京
2025年11月28日,金,14,19.8,8.4,東京
2025年11月29日,土,11.6,15.3,9,東京
2025年11月30日,日,10.9,16.3,7.1,東京
2025年12月1日,月,13.3,20,6.4,東京
2025年12月2日,火,13.5,18,9.5,東京
2025年12月3日,水,11.2,12.8,8.3,東京
2025年12月4日,木,7.1,10.7,4,東京
2025年12月5日,金,7,12,1.2,東京
2025年12月6日,土,7,11.5,2.6,東京
2025年12月7日,日,8.5,15.9,2.5,東京
2025年12月8日,月,11.2,17.6,4.2,東京
2025年12月9日,火,10.1,14.3,6.7,東京
2025年12月10日,水,8.8,14.3,4,東京
2025年12月11日,木,10.4,15.5,5.5,東京
2025年12月12日,金,7.2,10.9,3.9,東京
2025年12月13日,土,5.7,8.9,2.9,東京
2025年12月14日,日,4.8,7.6,2.7,東京
2025年12月15日,月,8.4,13.2,3.9,東京
2025年12月16日,火,8,12.5,3.3,東京
2025年12月17日,水,8.8,14.1,3.5,東京
2025年12月18日,木,9.4,13.2,5.7,東京
2025年12月19日,金,7.4,12.1,2.8,東京
2025年12月20日,土,8.5,12,4.7,東京
2025年12月21日,日,12.3,18.4,8.3,東京
2025年12月22日,月,9.6,12.7,4.6,東京
2025年12月23日,火,6.4,9.8,2.4,東京
2025年12月24日,水,6.9,8.4,4.9,東京
2025年12月25日,木,9.6,11.9,7.1,東京
2025年12月26日,金,7.3,11.3,2.4,東京
2025年12月27日,土,3.3,6.4,1.7,東京
2025年12月28日,日,5.4,12,-0.3,東京
2025年12月29日,月,7.1,12.5,3.4,東京
2025年12月30日,火,8.7,15.3,2.8,東京
2025年12月31日,水,8,13.3,3.9,東京
2026年1月1日,木,6.5,10.3,3.8,東京
2026年1月2日,金,4.8,10,0.5,東京
2026年1月3日,土,3.7,8.9,-0.5,東京
2026年1月4日,日,6,11.2,1.2,東京
2026年1月5日,月,6.7,12.8,1.1,東京
2026年1月6日,火,6.3,11,3.1,東京
2026年1月7日,水,3.8,6.4,1.2,東京
2026年1月8日,木,4.7,11.3,-0.3,東京
2026年1月9日,金,6,10.3,1.7,東京
2026年1月10日,土,9.3,14.9,1.5,東京
2026年1月11日,日,11,16.1,4,東京
2026年1月12日,月,4.7,9.5,0,東京
2026年1月13日,火,8.3,16.1,0.2,東京
2026年1月14日,水,7.2,12,3.3,東京
2026年1月15日,木,8,12.5,1.7,東京
2026年1月16日,金,11.3,17.8,5,東京
2026年1月17日,土,9.7,15.3,5,東京
2026年1月18日,日,9.2,13.4,6.1,東京
2026年1月19日,月,8.7,13.9,5.2,東京
2026年1月20日,火,5.9,9.1,2.3,東京
2026年1月21日,水,3.6,7,1.8,東京
2026年1月22日,木,2.5,6.9,-0.2,東京
2026年1月23日,金,3.4,9.4,-2,東京
2026年1月24日,土,4.7,11,-1.3,東京
2026年1月25日,日,3.7,7.6,1.2,東京
2026年1月26日,月,4.2,8.6,-0.9,東京
2026年1月27日,火,5.4,10.1,2.3,東京
2026年1月28日,水,5.5,8.1,2,東京
2026年1月29日,木,4.8,10.4,1.1,東京
2026年1月30日,金,3.9,9.3,-0.5,東京
2026年1月31日,土,4.7,9.8,0.9,東京
2026年2月1日,日,5.5,11.1,-0.2,東京
2026年2月2日,月,6.4,12,2.7,東京
2026年2月3日,火,5.8,10.8,1.6,東京
2026年2月4日,水,6.3,11.4,1.6,東京
2026年2月5日,木,7.8,13.8,2.7,東京
2026年2月6日,金,9,16.1,2.6,東京
2026年2月7日,土,3.8,6.9,1.3,東京
2026年2月8日,日,-0.7,2,-2.5,東京
2026年2月9日,月,2.8,9.2,-3.2,東京
2026年2月10日,火,5.5,10.9,0.4,東京
2026年2月11日,水,6.1,10.5,2.7,東京
2026年2月12日,木,6.7,11.6,2.9,東京
2026年2月13日,金,7.1,12.6,1.8,東京
2026年2月14日,土,9.1,15.1,2.9,東京
2026年2月15日,日,11.9,18.4,6.1,東京
2026年2月16日,月,10.6,16.7,4.3,東京
2026年2月17日,火,5.8,9,3.1,東京
2026年2月18日,水,7.6,12.5,4.9,東京
2026年2月19日,木,5.5,11.1,2.1,東京
2026年2月20日,金,5.9,10.7,2,東京
2026年2月21日,土,8.8,15.7,2.5,東京
2026年2月22日,日,12,17.6,5,東京
2026年2月23日,月,17.2,22.9,12.2,東京
2026年2月24日,火,13.4,18.4,10.6,東京
2026年2月25日,水,9.3,12.2,5.8,東京
2026年2月26日,木,8.6,11.8,5.4,東京
2026年2月27日,金,11.8,16.8,7.1,東京
2026年2月28日,土,14.3,21.7,10.4,東京
2026年3月1日,日,12.7,19,8.3,東京
2026年3月2日,月,11.4,13.4,9.2,東京
2026年3月3日,火,7.4,11.4,4.6,東京
2026年3月4日,水,8.9,15.8,4.9,東京
2026年3月5日,木,10.1,17.1,6.1,東京
2026年3月6日,金,9.4,14.3,4.4,東京
2026年3月7日,土,11.6,17.4,7.7,東京
2026年3月8日,日,7.5,12.1,4.1,東京
2026年3月9日,月,8.1,13.6,4.2,東京
2026年3月10日,火,4.8,8.2,2,東京
2026年3月11日,水,6.6,11.9,1.5,東京
2026年3月12日,木,8.2,13.4,4.8,東京
2026年3月13日,金,7.4,10,4.1,東京
2026年3月14日,土,9.9,16,6,東京
2026年3月15日,日,10.8,15.8,5.3,東京
2026年3月16日,月,10.1,14.1,6.9,東京
2026年3月17日,火,11.2,16.1,8.3,東京
2026年3月18日,水,13.2,16.8,9.1,東京
2026年3月19日,木,14.8,19.8,10,東京
2026年3月20日,金,9.1,11.2,6.5,東京
2026年3月21日,土,10.6,17.1,4.3,東京
2026年3月22日,日,11.3,17.1,5.6,東京
2026年3月23日,月,12.2,17.5,9.8,東京
2026年3月24日,火,12.8,18.1,9.2,東京
2026年3月25日,水,11.8,14.4,11,東京
2026年3月26日,木,11.7,13.4,10.7,東京
2026年3月27日,金,13.4,18.9,9.7,東京
2026年3月28日,土,13.9,19.6,9.6,東京
2026年3月29日,日,15.9,21.8,10.4,東京
2026年3月30日,月,16.2,20.7,12,東京
2026年3月31日,火,16.9,19,14.9,東京
2026年4月1日,水,14,17.6,10.5,東京
2026年4月2日,木,11.6,17.5,8.6,東京
2026年4月3日,金,14.6,20.7,8,東京
2026年4月4日,土,14.8,17.5,12.1,東京
2026年4月5日,日,18.3,22.7,13.7,東京
2026年4月6日,月,18.7,23.7,14.9,東京
2026年4月7日,火,15.7,19.6,8.6,東京
2026年4月8日,水,12.9,19.2,7.6,東京
2026年4月9日,木,15.8,20.3,9.5,東京
2026年4月10日,金,18.3,19.8,16.1,東京
2026年4月11日,土,19.9,27.3,14.1,東京
2026年4月12日,日,18.2,23.6,14.2,東京
2026年4月13日,月,18.5,24.1,13.1,東京
2026年4月14日,火,18.6,24.6,15.5,東京
2026年4月15日,水,18.2,23.7,14.5,東京
2026年4月16日,木,15.8,23.5,10.6,東京
2026年4月17日,金,13.9,19.2,8.8,東京
2026年4月18日,土,16.9,22.2,12.3,東京
2026年4月19日,日,19,25.6,13.8,東京
2026年4月20日,月,19,24.7,14.4,東京
2026年4月21日,火,19.3,25,14.4,東京
2026年4月22日,水,17.7,23.3,11.1,東京
2026年4月23日,木,15.3,18.6,12.6,東京
2026年4月24日,金,14.9,19.9,11.6,東京
2026年4月25日,土,14.8,19.1,11,東京
2026年4月26日,日,16.7,22.3,10.3,東京
2026年4月27日,月,15.4,21.3,12.5,東京
2026年4月28日,火,19.1,24.3,12,東京
2026年4月29日,水,17,20.2,13.6,東京
2026年4月30日,木,14.1,16,11,東京
2026年5月1日,金,14.1,20.1,10.8,東京
2026年5月2日,土,20,27.5,11.6,東京
2026年5月3日,日,19.8,25.8,15.9,東京
2026年5月4日,月,22.3,28.4,16,東京
2026年5月5日,火,17.5,23.7,13.2,東京
2026年5月6日,水,17.9,21.7,14.9,東京
2026年5月7日,木,20.8,26.2,16.1,東京
2026年5月8日,金,22,25.2,17.6,東京
2026年5月9日,土,19.6,23.7,15.9,東京
2026年5月10日,日,19.1,24.8,14.3,東京
2026年5月11日,月,20.2,25.5,16.2,東京
2026年5月12日,火,20.3,25.6,16.3,東京
2026年5月13日,水,20,27.1,15.6,東京
2026年5月14日,木,18.7,25.6,13.6,東京
2026年5月15日,金,17.6,24,13.2,東京
2026年5月16日,土,20.3,27,14.9,東京
2026年5月17日,日,22.5,30.2,15.7,東京
2026年5月18日,月,22.9,29.3,16.9,東京
2026年5月19日,火,23.1,28.6,18.7,東京
2026年5月20日,水,24.1,29.7,19.3,東京
2026年5月21日,木,18.6,22.7,15.3,東京
2026年5月22日,金,14,15.6,12.4,東京
2026年5月23日,土,14.6,18.9,12,東京
2026年5月24日,日,18.3,24.3,13.8,東京
2026年5月25日,月,21.2,27,16.2,東京
2026年5月26日,火,22.1,26.8,17.9,東京
2026年5月27日,水,23.4,27.9,19.5,東京
2026年5月28日,木,24.1,27.1,20.7,東京
2026年5月29日,金,25.9,31.6,21.8,東京
2026年5月30日,土,24,29.5,18.9,東京
2026年5月31日,日,24.4,30,20.5,東京
2024年1月1日,月,18.3,21.2,16,那覇
2024年1月2日,火,17.9,21.8,13.6,那覇
2024年1月3日,水,17.8,22.4,14.4,那覇
2024年1月4日,木,17.4,19.5,15.4,那覇
2024年1月5日,金,18.1,21.2,15.1,那覇
2024年1月6日,土,18.2,22.5,14.2,那覇
2024年1月7日,日,18.2,20.3,15.7,那覇
2024年1月8日,月,17.1,20.8,12.9,那覇
2024年1月9日,火,17.5,19,15.7,那覇
2024年1月10日,水,18.3,21,15.6,那覇
2024年1月11日,木,16.1,17.6,14.8,那覇
2024年1月12日,金,16,19.6,12.8,那覇
2024年1月13日,土,16.5,20.1,12.2,那覇
2024年1月14日,日,17.7,22,13.4,那覇
2024年1月15日,月,17.7,22.2,14.2,那覇
2024年1月16日,火,17.7,19.8,15.3,那覇
2024年1月17日,水,20.4,22.9,18,那覇
2024年1月18日,木,21.8,24.5,20,那覇
2024年1月19日,金,22.6,25.6,20.8,那覇
2024年1月20日,土,22.7,26.3,20.8,那覇
2024年1月21日,日,19.7,22.2,19,那覇
2024年1月22日,月,17.7,19.8,14.5,那覇
2024年1月23日,火,13.2,14.9,12,那覇
2024年1月24日,水,13.3,14.5,12.4,那覇
2024年1月25日,木,15.2,17.5,13.1,那覇
2024年1月26日,金,16.1,17.8,15.1,那覇
2024年1月27日,土,16.2,18.1,14.3,那覇
2024年1月28日,日,16.2,18.2,13.8,那覇
2024年1月29日,月,16.3,20.2,12.6,那覇
2024年1月30日,火,19.4,21.7,15.8,那覇
2024年1月31日,水,22.1,25.2,20.1,那覇
2024年2月1日,木,21.8,25.1,18.6,那覇
2024年2月2日,金,21.8,25.4,18.8,那覇
2024年2月3日,土,21.6,25.7,18.5,那覇
2024年2月4日,日,22,24.8,19.5,那覇
2024年2月5日,月,19.3,23,16.4,那覇
2024年2月6日,火,17.6,19.3,16.4,那覇
2024年2月7日,水,17.5,21.4,15.8,那覇
2024年2月8日,木,16.7,19.1,15.6,那覇
2024年2月9日,金,15.8,17,14.6,那覇
2024年2月10日,土,16,18,15.1,那覇
2024年2月11日,日,16.3,18.5,14.7,那覇
2024年2月12日,月,17.1,20.2,15,那覇
2024年2月13日,火,19.9,23.3,16.9,那覇
2024年2月14日,水,21.3,23.7,19.7,那覇
2024年2月15日,木,22.1,25.5,19.3,那覇
2024年2月16日,金,19.4,21.6,17.6,那覇
2024年2月17日,土,19.3,22.6,17.1,那覇
2024年2月18日,日,21.1,24.5,17.6,那覇
2024年2月19日,月,23,25.7,21.4,那覇
2024年2月20日,火,23.1,25.8,21.8,那覇
2024年2月21日,水,23,26.5,21.1,那覇
2024年2月22日,木,23,26.7,20.9,那覇
2024年2月23日,金,20.6,23.8,18.2,那覇
2024年2月24日,土,20.2,22.7,19.3,那覇
2024年2月25日,日,16.8,19.6,15.3,那覇
2024年2月26日,月,17.8,19.6,16.3,那覇
2024年2月27日,火,18,20.3,16.5,那覇
2024年2月28日,水,20.4,23.9,17.6,那覇
2024年2月29日,木,22,25,19.7,那覇
2024年3月1日,金,17.6,20.4,14.3,那覇
2024年3月2日,土,14.4,17,12.9,那覇
2024年3月3日,日,16,19.1,12.9,那覇
2024年3月4日,月,20.6,23.6,17.5,那覇
2024年3月5日,火,23.4,25.2,22.1,那覇
2024年3月6日,水,21.2,23.5,18.8,那覇
2024年3月7日,木,17.9,20.1,15.9,那覇
2024年3月8日,金,16.5,17.9,15.6,那覇
2024年3月9日,土,16.4,18.9,15.1,那覇
2024年3月10日,日,17,20.3,13.9,那覇
2024年3月11日,月,19.2,22.5,15.3,那覇
2024年3月12日,火,19,20.9,17.8,那覇
2024年3月13日,水,17.2,20.2,15.6,那覇
2024年3月14日,木,18.4,21.6,15.6,那覇
2024年3月15日,金,19.6,23,16,那覇
2024年3月16日,土,20.7,23.5,18.8,那覇
2024年3月17日,日,21.6,24.6,19.3,那覇
2024年3月18日,月,20,22.1,18.9,那覇
2024年3月19日,火,19,20.3,17.6,那覇
2024年3月20日,水,16.7,18.7,15.2,那覇
2024年3月21日,木,16.3,19.7,14.7,那覇
2024年3月22日,金,18.8,22.4,14,那覇
2024年3月23日,土,22.1,25.2,20.1,那覇
2024年3月24日,日,23.4,26.6,21.2,那覇
2024年3月25日,月,23.8,26.6,22.2,那覇
2024年3月26日,火,20.8,25.2,18.2,那覇
2024年3月27日,水,19.7,22.9,17.5,那覇
2024年3月28日,木,21.3,24.9,17.8,那覇
2024年3月29日,金,21.9,24.9,19.7,那覇
2024年3月30日,土,21.6,24.4,19.4,那覇
2024年3月31日,日,22,24.6,20.2,那覇
2024年4月1日,月,22.7,27,19.5,那覇
2024年4月2日,火,23.8,26.9,21.5,那覇
2024年4月3日,水,24.9,27.6,23.8,那覇
2024年4月4日,木,25,27.8,23.7,那覇
2024年4月5日,金,24,27.3,22.1,那覇
2024年4月6日,土,22.4,24.2,21.6,那覇
2024年4月7日,日,22.3,23.7,21.2,那覇
2024年4月8日,月,22.2,24.7,20.1,那覇
2024年4月9日,火,21.7,23.8,19.9,那覇
2024年4月10日,水,21.9,24.9,19.6,那覇
2024年4月11日,木,22.4,25.9,20.1,那覇
2024年4月12日,金,22.2,26.2,19.5,那覇
2024年4月13日,土,23.9,27,21,那覇
2024年4月14日,日,24.6,27.1,23.4,那覇
2024年4月15日,月,23.1,24.9,21.4,那覇
2024年4月16日,火,23.9,27.5,21.2,那覇
2024年4月17日,水,25.6,29.2,22.5,那覇
2024年4月18日,木,23.6,25.5,21.5,那覇
2024年4月19日,金,22.4,25.2,19.2,那覇
2024年4月20日,土,23.9,26.6,21.5,那覇
2024年4月21日,日,26.3,29.6,24.1,那覇
2024年4月22日,月,26.3,29.7,24.8,那覇
2024年4月23日,火,26.2,28,24.3,那覇
2024年4月24日,水,22.6,25.9,19.5,那覇
2024年4月25日,木,22,24.5,19.5,那覇
2024年4月26日,金,24.4,27.3,22.9,那覇
2024年4月27日,土,26,30.1,23,那覇
2024年4月28日,日,26.3,29.2,24.4,那覇
2024年4月29日,月,25.1,27.8,22.9,那覇
2024年4月30日,火,26.4,29.6,23.7,那覇
2024年5月1日,水,24.7,26.8,22.8,那覇
2024年5月2日,木,22.2,23,21.2,那覇
2024年5月3日,金,23.5,27.6,20.4,那覇
2024年5月4日,土,25,28.8,22.4,那覇
2024年5月5日,日,25.7,28.8,23.3,那覇
2024年5月6日,月,26.1,29.9,23.5,那覇
2024年5月7日,火,24.9,27.1,23.6,那覇
2024年5月8日,水,23.9,27,21.6,那覇
2024年5月9日,木,22.2,24.9,20.5,那覇
2024年5月10日,金,23.1,26.9,19.1,那覇
2024年5月11日,土,24.7,27.2,22.2,那覇
2024年5月12日,日,26.4,29.4,24.2,那覇
2024年5月13日,月,23,26,21.2,那覇
2024年5月14日,火,22.3,25.3,18.2,那覇
2024年5月15日,水,23.3,26.8,18.4,那覇
2024年5月16日,木,22.9,25.4,21.3,那覇
2024年5月17日,金,23.3,26.3,20.7,那覇
2024年5月18日,土,24.3,26.4,23.1,那覇
2024年5月19日,日,25.3,28.7,22.8,那覇
2024年5月20日,月,25.1,28,23.2,那覇
2024年5月21日,火,23.7,24.5,23,那覇
2024年5月22日,水,25.1,26.6,24,那覇
2024年5月23日,木,26.4,28.3,25.2,那覇
2024年5月24日,金,25.1,28,23.7,那覇
2024年5月25日,土,25.9,29,23.8,那覇
2024年5月26日,日,27.1,29.9,25.5,那覇
2024年5月27日,月,27.6,30.7,25.6,那覇
2024年5月28日,火,25.6,27.8,22.8,那覇
2024年5月29日,水,24.4,27,22.7,那覇
2024年5月30日,木,25.9,28.7,24.3,那覇
2024年5月31日,金,26.9,29.2,25.1,那覇
2024年6月1日,土,24.9,26.3,22.4,那覇
2024年6月2日,日,21.6,23.4,19.6,那覇
2024年6月3日,月,21.8,25.5,18.1,那覇
2024年6月4日,火,24.5,27.6,21.9,那覇
2024年6月5日,水,24.7,27.8,22,那覇
2024年6月6日,木,23.2,25.3,21.9,那覇
2024年6月7日,金,24.3,26.6,22.3,那覇
2024年6月8日,土,26.2,28.4,24.1,那覇
2024年6月9日,日,25.7,28.1,23.4,那覇
2024年6月10日,月,25.1,28,23.8,那覇
2024年6月11日,火,25.2,26.6,24.1,那覇
2024年6月12日,水,26.1,27.8,23.9,那覇
2024年6月13日,木,26.3,29.4,23.9,那覇
2024年6月14日,金,25.7,27.3,24.3,那覇
2024年6月15日,土,27.3,29.6,25.1,那覇
2024年6月16日,日,27.8,30.8,25.4,那覇
2024年6月17日,月,27.8,29.9,26.9,那覇
2024年6月18日,火,25.6,27.7,23.8,那覇
2024年6月19日,水,27.7,30.4,24.9,那覇
2024年6月20日,木,28.8,31.5,27.4,那覇
2024年6月21日,金,29,31.4,27.4,那覇
2024年6月22日,土,29.5,32.1,27.8,那覇
2024年6月23日,日,29.3,32,28,那覇
2024年6月24日,月,29.5,32.4,27.9,那覇
2024年6月25日,火,29.6,32.6,27.7,那覇
2024年6月26日,水,29.9,33.6,27.9,那覇
2024年6月27日,木,29.7,32.9,27.6,那覇
2024年6月28日,金,29.6,32.4,27.8,那覇
2024年6月29日,土,30,33.3,28,那覇
2024年6月30日,日,30,32.9,28.4,那覇
2024年7月1日,月,30.2,33.2,28.3,那覇
2024年7月2日,火,30.5,33.9,28.3,那覇
2024年7月3日,水,30.8,34.5,28.6,那覇
2024年7月4日,木,30.5,34.4,28.3,那覇
2024年7月5日,金,30.8,35,28.4,那覇
2024年7月6日,土,30.8,34.7,27.7,那覇
2024年7月7日,日,30.6,34.3,28.7,那覇
2024年7月8日,月,31,35,28.2,那覇
2024年7月9日,火,30.1,33.6,27.5,那覇
2024年7月10日,水,30.6,33.6,28.8,那覇
2024年7月11日,木,30.6,33.7,29.1,那覇
2024年7月12日,金,30.8,33.2,29.3,那覇
2024年7月13日,土,31.2,35.4,28.9,那覇
2024年7月14日,日,31.5,35,29.2,那覇
2024年7月15日,月,31.4,35.5,29.1,那覇
2024年7月16日,火,30.3,34.8,28.4,那覇
2024年7月17日,水,30.9,34.5,28.4,那覇
2024年7月18日,木,31.1,34.9,29.3,那覇
2024年7月19日,金,31.5,36,29.1,那覇
2024年7月20日,土,31.5,35.5,28.7,那覇
2024年7月21日,日,31.5,35.4,29.2,那覇
2024年7月22日,月,30.8,34.2,28.1,那覇
2024年7月23日,火,29.5,32.3,26.4,那覇
2024年7月24日,水,29.2,32.5,26,那覇
2024年7月25日,木,28.3,30,26.4,那覇
2024年7月26日,金,28.1,29.7,25.6,那覇
2024年7月27日,土,29.9,32.4,28.2,那覇
2024年7月28日,日,30.1,32.7,28.8,那覇
2024年7月29日,月,30.1,33.2,26.9,那覇
2024年7月30日,火,29.8,32.9,28,那覇
2024年7月31日,水,30.3,33.4,28.2,那覇
2024年8月1日,木,30.4,33.2,28.9,那覇
2024年8月2日,金,30.5,33.3,29.1,那覇
2024年8月3日,土,30.7,32.8,29.2,那覇
2024年8月4日,日,30.9,33.4,29.2,那覇
2024年8月5日,月,30.7,33,29.4,那覇
2024年8月6日,火,30.2,33.3,26.8,那覇
2024年8月7日,水,30.7,33.6,28.4,那覇
2024年8月8日,木,30.7,34.3,29.2,那覇
2024年8月9日,金,30.5,33.5,28.6,那覇
2024年8月10日,土,30.1,33.4,26.7,那覇
2024年8月11日,日,30.4,33.2,27.3,那覇
2024年8月12日,月,30.6,32.9,29,那覇
2024年8月13日,火,30.5,32.7,28.8,那覇
2024年8月14日,水,30.1,32.6,28.8,那覇
2024年8月15日,木,30.2,33.2,28,那覇
2024年8月16日,金,30,32.6,26.7,那覇
2024年8月17日,土,29.8,34.1,27.8,那覇
2024年8月18日,日,30,33.4,27.5,那覇
2024年8月19日,月,29.2,31.4,26.7,那覇
2024年8月20日,火,30.2,32.9,27.8,那覇
2024年8月21日,水,30.2,32.9,29.1,那覇
2024年8月22日,木,30.3,32.7,29.1,那覇
2024年8月23日,金,29.9,31.5,28.4,那覇
2024年8月24日,土,28.6,29.8,25.3,那覇
2024年8月25日,日,29.7,33,27.3,那覇
2024年8月26日,月,29.5,32.2,26.7,那覇
2024年8月27日,火,30.3,32.6,28.9,那覇
2024年8月28日,水,30.2,31.9,28.9,那覇
2024年8月29日,木,29.9,31.7,28.6,那覇
2024年8月30日,金,30.3,32.7,29,那覇
2024年8月31日,土,30,32.4,28.5,那覇
2024年9月1日,日,29.8,32.6,27.5,那覇
2024年9月2日,月,30,33.2,27.1,那覇
2024年9月3日,火,29.1,32.2,26.9,那覇
2024年9月4日,水,28.8,32,27,那覇
2024年9月5日,木,29.6,33.5,27.3,那覇
2024年9月6日,金,29.6,33.3,27.1,那覇
2024年9月7日,土,28.7,32.6,25.2,那覇
2024年9月8日,日,29.6,33.6,26.9,那覇
2024年9月9日,月,27.6,28.7,25.4,那覇
2024年9月10日,火,29,31.4,27.3,那覇
2024年9月11日,水,27.5,28.9,26.1,那覇
2024年9月12日,木,29.6,32.2,27.5,那覇
2024年9月13日,金,28.1,31.7,25.8,那覇
2024年9月14日,土,28.8,31.7,25.8,那覇
2024年9月15日,日,29.9,32.4,28.4,那覇
2024年9月16日,月,29.8,32.4,27.8,那覇
2024年9月17日,火,28.9,32.2,26.7,那覇
2024年9月18日,水,28.2,31.1,26.5,那覇
2024年9月19日,木,28.6,30.8,27.4,那覇
2024年9月20日,金,29.1,32.1,25.1,那覇
2024年9月21日,土,30,32.1,28.2,那覇
2024年9月22日,日,30,32.2,27.7,那覇
2024年9月23日,月,29.5,32.5,27.6,那覇
2024年9月24日,火,28,30.9,26,那覇
2024年9月25日,水,28,31,25.1,那覇
2024年9月26日,木,28.7,31.6,26.3,那覇
2024年9月27日,金,28.6,32.6,25.2,那覇
2024年9月28日,土,26.7,28.2,25.2,那覇
2024年9月29日,日,26.8,30.1,23.9,那覇
2024年9月30日,月,28,30.4,25.5,那覇
2024年10月1日,火,29.1,31.9,27.2,那覇
2024年10月2日,水,28.9,30.9,25.6,那覇
2024年10月3日,木,27.5,31.9,25.3,那覇
2024年10月4日,金,27.3,29,25.5,那覇
2024年10月5日,土,28,31,26.1,那覇
2024年10月6日,日,28.5,31.6,26.8,那覇
2024年10月7日,月,28.2,32.1,26.1,那覇
2024年10月8日,火,26.8,29.9,24.8,那覇
2024年10月9日,水,27.1,29.6,25.1,那覇
2024年10月10日,木,25.8,28.5,23,那覇
2024年10月11日,金,26.1,29.1,22.5,那覇
2024年10月12日,土,27.6,30.6,25.5,那覇
2024年10月13日,日,28,31.2,25.8,那覇
2024年10月14日,月,27.9,30.7,25.6,那覇
2024年10月15日,火,27.4,29.7,25.4,那覇
2024年10月16日,水,27.4,29.9,26.1,那覇
2024年10月17日,木,27.7,31.6,24.7,那覇
2024年10月18日,金,28.4,31.2,26.5,那覇
2024年10月19日,土,28.3,31.8,25.5,那覇
2024年10月20日,日,27.8,29.9,26.4,那覇
2024年10月21日,月,28.2,31,25.9,那覇
2024年10月22日,火,28.5,31.6,26.9,那覇
2024年10月23日,水,27.6,30.6,25.4,那覇
2024年10月24日,木,25.5,26.5,24,那覇
2024年10月25日,金,27.3,28.9,23.1,那覇
2024年10月26日,土,28,30.3,26.5,那覇
2024年10月27日,日,27.8,30.8,25.4,那覇
2024年10月28日,月,27.6,30.4,25.6,那覇
2024年10月29日,火,25.6,26.2,24.9,那覇
2024年10月30日,水,27.7,30.4,24.8,那覇
2024年10月31日,木,28.7,30.6,27.7,那覇
2024年11月1日,金,28.4,30.6,25.4,那覇
2024年11月2日,土,27,28.5,25.7,那覇
2024年11月3日,日,26.3,28.8,24.8,那覇
2024年11月4日,月,26.6,28.8,24.8,那覇
2024年11月5日,火,25.4,28.1,23.6,那覇
2024年11月6日,水,23.2,24.8,22.2,那覇
2024年11月7日,木,22.6,24.2,21.4,那覇
2024年11月8日,金,25.6,26.4,23.9,那覇
2024年11月9日,土,25.7,28.2,24,那覇
2024年11月10日,日,27,30.2,25.3,那覇
2024年11月11日,月,26.6,28.7,25,那覇
2024年11月12日,火,25.4,27.6,24.3,那覇
2024年11月13日,水,25.7,27.9,24.4,那覇
2024年11月14日,木,26.8,29.3,25.4,那覇
2024年11月15日,金,26.5,29,24.8,那覇
2024年11月16日,土,24.4,25.8,23.6,那覇
2024年11月17日,日,25.4,28.5,24.1,那覇
2024年11月18日,月,23.6,25.3,22.5,那覇
2024年11月19日,火,23.3,25,22.1,那覇
2024年11月20日,水,23.8,25.5,22.8,那覇
2024年11月21日,木,22.5,24.9,21.1,那覇
2024年11月22日,金,21.1,23.2,19.2,那覇
2024年11月23日,土,21.6,24.4,19.3,那覇
2024年11月24日,日,21.9,24.9,19.5,那覇
2024年11月25日,月,22.5,25.8,18.3,那覇
2024年11月26日,火,22.5,27.6,20.1,那覇
2024年11月27日,水,20.1,22.1,18.8,那覇
2024年11月28日,木,18.8,20.7,17.9,那覇
2024年11月29日,金,18.2,20.3,17.4,那覇
2024年11月30日,土,19,21.2,17.7,那覇
2024年12月1日,日,19.6,23.3,15.7,那覇
2024年12月2日,月,20.8,23.9,17.2,那覇
2024年12月3日,火,21.8,25.4,18.6,那覇
2024年12月4日,水,20.9,23.5,18.7,那覇
2024年12月5日,木,20.2,21.7,18.7,那覇
2024年12月6日,金,21,24.6,19,那覇
2024年12月7日,土,19.3,19.9,18.6,那覇
2024年12月8日,日,18.3,19.7,17,那覇
2024年12月9日,月,18,20.8,15.4,那覇
2024年12月10日,火,19.1,22.7,16.5,那覇
2024年12月11日,水,19.3,23.9,16.2,那覇
2024年12月12日,木,20.2,22.4,19,那覇
2024年12月13日,金,20.2,23.1,17.6,那覇
2024年12月14日,土,17.8,18.8,16.1,那覇
2024年12月15日,日,17.1,19.2,15.6,那覇
2024年12月16日,月,17.1,18.1,16.2,那覇
2024年12月17日,火,18,21,14.5,那覇
2024年12月18日,水,17.2,20.2,15.4,那覇
2024年12月19日,木,16,17.3,14.6,那覇
2024年12月20日,金,18.1,21.7,15.8,那覇
2024年12月21日,土,18.2,22.1,15.9,那覇
2024年12月22日,日,16.4,17.5,15.3,那覇
2024年12月23日,月,17.6,20.7,15.1,那覇
2024年12月24日,火,17.9,19.2,17.2,那覇
2024年12月25日,水,19.7,23.1,16.9,那覇
2024年12月26日,木,18.5,23,16.5,那覇
2024年12月27日,金,18.6,20.6,17.5,那覇
2024年12月28日,土,16.3,17.9,14.3,那覇
2024年12月29日,日,16,18.1,14.7,那覇
2024年12月30日,月,18.7,21.7,14.4,那覇
2024年12月31日,火,18.7,21.5,15.8,那覇
2025年1月1日,水,17.8,20.7,14.6,那覇
2025年1月2日,木,18.8,20.3,16.5,那覇
2025年1月3日,金,18.2,19.5,17,那覇
2025年1月4日,土,16.9,19.1,15.9,那覇
2025年1月5日,日,18.6,22.5,15.6,那覇
2025年1月6日,月,18.2,20,16,那覇
2025年1月7日,火,15.6,17.1,15,那覇
2025年1月8日,水,15.7,18.6,13.1,那覇
2025年1月9日,木,15.9,17.7,14.4,那覇
2025年1月10日,金,13.6,14.9,12.2,那覇
2025年1月11日,土,14.3,17.5,11.5,那覇
2025年1月12日,日,15,16.9,13.9,那覇
2025年1月13日,月,15,17,13.2,那覇
2025年1月14日,火,16.4,20.6,12,那覇
2025年1月15日,水,17.2,20.8,15,那覇
2025年1月16日,木,15.9,17.9,14.9,那覇
2025年1月17日,金,15.3,17.8,12.6,那覇
2025年1月18日,土,16.5,20.5,12.2,那覇
2025年1月19日,日,17.9,19.5,16.4,那覇
2025年1月20日,月,18.6,21.5,16.7,那覇
2025年1月21日,火,17.2,19.9,14.6,那覇
2025年1月22日,水,17.6,21.4,14.6,那覇
2025年1月23日,木,19.2,22.7,16.5,那覇
2025年1月24日,金,20.2,23.2,16.7,那覇
2025年1月25日,土,19.6,22,18.3,那覇
2025年1月26日,日,19,22.2,16.5,那覇
2025年1月27日,月,15.3,18.3,13.4,那覇
2025年1月28日,火,13.7,16,12.9,那覇
2025年1月29日,水,13.9,15.8,12.8,那覇
2025年1月30日,木,14.4,18,11,那覇
2025年1月31日,金,17.9,20.7,12.9,那覇
2025年2月1日,土,19.4,20.7,17.8,那覇
2025年2月2日,日,18.7,21.1,17.2,那覇
2025年2月3日,月,15.7,17.9,13.3,那覇
2025年2月4日,火,12.8,14.2,11.8,那覇
2025年2月5日,水,13.7,15.9,12,那覇
2025年2月6日,木,14.4,17.1,12.1,那覇
2025年2月7日,金,12.2,13.6,10.8,那覇
2025年2月8日,土,11.4,13,10.2,那覇
2025年2月9日,日,12.6,15.7,10.2,那覇
2025年2月10日,月,14.6,18.4,10.9,那覇
2025年2月11日,火,17,20.9,12.8,那覇
2025年2月12日,水,20.4,22.6,18.2,那覇
2025年2月13日,木,15.9,20.5,15,那覇
2025年2月14日,金,16.5,19.5,14.4,那覇
2025年2月15日,土,18.4,21.2,15.4,那覇
2025年2月16日,日,20.2,22.3,18.2,那覇
2025年2月17日,月,17.4,19.7,15.2,那覇
2025年2月18日,火,15.3,17.5,14.3,那覇
2025年2月19日,水,15.4,18.3,13,那覇
2025年2月20日,木,15.7,17.5,14.8,那覇
2025年2月21日,金,15.1,16.4,13.7,那覇
2025年2月22日,土,16.1,19,14.2,那覇
2025年2月23日,日,14.1,16.4,12.8,那覇
2025年2月24日,月,13,14.4,12.3,那覇
2025年2月25日,火,14.6,18.3,11.9,那覇
2025年2月26日,水,16.1,20.5,12.5,那覇
2025年2月27日,木,19.4,22.5,16.3,那覇
2025年2月28日,金,21.1,24.3,19.2,那覇
2025年3月1日,土,21.6,25,18.8,那覇
2025年3月2日,日,23.1,26.4,21.6,那覇
2025年3月3日,月,23.3,25.8,22,那覇
2025年3月4日,火,22.7,26.6,20.8,那覇
2025年3月5日,水,19.9,22.2,18.8,那覇
2025年3月6日,木,16.7,19,15,那覇
2025年3月7日,金,16.5,18.2,15,那覇
2025年3月8日,土,18.9,22.1,17.3,那覇
2025年3月9日,日,19,22.1,15.8,那覇
2025年3月10日,月,21.4,24.7,18.9,那覇
2025年3月11日,火,21.8,25.4,20.2,那覇
2025年3月12日,水,22.2,25.7,19.2,那覇
2025年3月13日,木,22.7,24.1,22,那覇
2025年3月14日,金,21.9,25.2,20.2,那覇
2025年3月15日,土,21,24,19.4,那覇
2025年3月16日,日,17.6,20.7,15.2,那覇
2025年3月17日,月,14.3,15.6,13.3,那覇
2025年3月18日,火,15,16.1,13.8,那覇
2025年3月19日,水,14.5,17.1,13.1,那覇
2025年3月20日,木,15.6,18.5,13.1,那覇
2025年3月21日,金,16.8,20.4,13.9,那覇
2025年3月22日,土,17.3,22,12.2,那覇
2025年3月23日,日,18.4,23.4,13.7,那覇
2025年3月24日,月,20.7,24.5,16.2,那覇
2025年3月25日,火,22.4,25.2,20.5,那覇
2025年3月26日,水,23.1,25.5,21.7,那覇
2025年3月27日,木,24.2,26.2,23.2,那覇
2025年3月28日,金,21.2,24.1,18.5,那覇
2025年3月29日,土,17.5,20.5,15.8,那覇
2025年3月30日,日,15.2,17,14.1,那覇
2025年3月31日,月,15.6,16.9,13.8,那覇
2025年4月1日,火,18.4,21.5,16.2,那覇
2025年4月2日,水,18.4,21,15.4,那覇
2025年4月3日,木,18,21.3,14.2,那覇
2025年4月4日,金,17.8,21.4,14.1,那覇
2025年4月5日,土,18.7,20.5,15.8,那覇
2025年4月6日,日,17.8,18.8,16.6,那覇
2025年4月7日,月,19.6,23.6,16.4,那覇
2025年4月8日,火,19.6,24.2,15.7,那覇
2025年4月9日,水,20.4,23.9,17.4,那覇
2025年4月10日,木,18.7,20.5,17.2,那覇
2025年4月11日,金,21.4,25.4,17.6,那覇
2025年4月12日,土,22.4,25,19,那覇
2025年4月13日,日,16.1,23.9,13.6,那覇
2025年4月14日,月,18.8,22.6,13.8,那覇
2025年4月15日,火,20.3,22.5,17.6,那覇
2025年4月16日,水,20.1,23.6,15.8,那覇
2025年4月17日,木,22.3,25.7,18.7,那覇
2025年4月18日,金,19.9,22.9,17.8,那覇
2025年4月19日,土,22.5,25.5,20,那覇
2025年4月20日,日,23.6,25.2,22.2,那覇
2025年4月21日,月,23.6,27.1,21.6,那覇
2025年4月22日,火,23.9,26.9,21.2,那覇
2025年4月23日,水,23.2,25.7,21.4,那覇
2025年4月24日,木,22.1,24.1,20.9,那覇
2025年4月25日,金,20.2,22.8,17.7,那覇
2025年4月26日,土,20.3,22.7,18.2,那覇
2025年4月27日,日,21.9,24.6,20,那覇
2025年4月28日,月,22.2,24.4,19.9,那覇
2025年4月29日,火,21.4,24.1,19,那覇
2025年4月30日,水,21.1,25.3,16.7,那覇
2025年5月1日,木,22.9,26,20.6,那覇
2025年5月2日,金,22.5,24.6,19.1,那覇
2025年5月3日,土,22.6,27.1,17.2,那覇
2025年5月4日,日,24.5,26.7,23.2,那覇
2025年5月5日,月,24.4,27.2,22.9,那覇
2025年5月6日,火,23.5,25.7,21.6,那覇
2025年5月7日,水,21.1,23.7,17.7,那覇
2025年5月8日,木,22.5,24.2,19.5,那覇
2025年5月9日,金,26.4,29.9,22.9,那覇
2025年5月10日,土,23.3,26.4,21.4,那覇
2025年5月11日,日,19.3,22.2,17.2,那覇
2025年5月12日,月,20,21.8,18.1,那覇
2025年5月13日,火,22.6,25.2,19.9,那覇
2025年5月14日,水,24.5,27.9,22,那覇
2025年5月15日,木,25.3,28.6,23.8,那覇
2025年5月16日,金,27,30.3,24.7,那覇
2025年5月17日,土,27.7,30.5,25.5,那覇
2025年5月18日,日,28.1,30.9,26.1,那覇
2025年5月19日,月,28.2,30.5,26.6,那覇
2025年5月20日,火,28.7,32.3,27,那覇
2025年5月21日,水,28.5,31.1,27,那覇
2025年5月22日,木,25.7,27.7,21.4,那覇
2025年5月23日,金,27.4,30.6,24.3,那覇
2025年5月24日,土,26.7,29.1,24.2,那覇
2025年5月25日,日,22,24.4,20.3,那覇
2025年5月26日,月,20.8,22.1,18.8,那覇
2025年5月27日,火,23.9,27.1,21.1,那覇
2025年5月28日,水,24.4,27.4,22.4,那覇
2025年5月29日,木,23,25.5,21.9,那覇
2025年5月30日,金,24.3,26.7,22,那覇
2025年5月31日,土,24,27,20.9,那覇
2025年6月1日,日,24,27.3,21,那覇
2025年6月2日,月,27.5,30.2,23.4,那覇
2025年6月3日,火,26.1,28.8,23.4,那覇
2025年6月4日,水,23,24.7,20.1,那覇
2025年6月5日,木,24.6,26.2,23.6,那覇
2025年6月6日,金,25.3,27.7,23.3,那覇
2025年6月7日,土,28.3,31.4,25.4,那覇
2025年6月8日,日,29.1,31.9,27.6,那覇
2025年6月9日,月,29.1,32.1,27.4,那覇
2025年6月10日,火,29.4,31.8,27.8,那覇
2025年6月11日,水,29.6,32.7,27.6,那覇
2025年6月12日,木,29.7,32.1,27.9,那覇
2025年6月13日,金,29.3,31.9,26.3,那覇
2025年6月14日,土,28.8,31.6,25.1,那覇
2025年6月15日,日,29.5,32,28.3,那覇
2025年6月16日,月,29.7,31.9,28.6,那覇
2025年6月17日,火,29.4,32.1,26.6,那覇
2025年6月18日,水,29.2,31.9,27.6,那覇
2025年6月19日,木,29.5,32.8,26.9,那覇
2025年6月20日,金,29.7,32.6,27.4,那覇
2025年6月21日,土,29.3,32.6,26.3,那覇
2025年6月22日,日,29.4,32.1,27.2,那覇
2025年6月23日,月,29.8,32.2,27.6,那覇
2025年6月24日,火,30.2,33.3,28,那覇
2025年6月25日,水,28.7,31.6,26.9,那覇
2025年6月26日,木,28.6,32.1,26.9,那覇
2025年6月27日,金,29.3,33,26.5,那覇
2025年6月28日,土,30,33.1,28.1,那覇
2025年6月29日,日,30.3,33.4,27.5,那覇
2025年6月30日,月,30.2,33.1,27.8,那覇
2025年7月1日,火,30.2,32.9,28.4,那覇
2025年7月2日,水,29.6,32.4,28,那覇
2025年7月3日,木,29.5,31.8,28,那覇
2025年7月4日,金,29.5,33.3,27.7,那覇
2025年7月5日,土,29.1,32.3,27.2,那覇
2025年7月6日,日,29.4,32.3,27.4,那覇
2025年7月7日,月,29.8,32.9,24.9,那覇
2025年7月8日,火,26.6,31.9,23.6,那覇
2025年7月9日,水,27.9,31.3,25.4,那覇
2025年7月10日,木,28.4,31.6,26.2,那覇
2025年7月11日,金,28.2,31.1,26.1,那覇
2025年7月12日,土,29.7,32.4,27.2,那覇
2025年7月13日,日,29.8,32,27.7,那覇
2025年7月14日,月,28.8,31.5,25.6,那覇
2025年7月15日,火,29,32.6,26.1,那覇
2025年7月16日,水,29.9,33,27.3,那覇
2025年7月17日,木,29,32.3,27.1,那覇
2025年7月18日,金,29.3,31.9,27.1,那覇
2025年7月19日,土,29.4,31.5,26.8,那覇
2025年7月20日,日,28.5,31.5,26.5,那覇
2025年7月21日,月,28.9,31.4,26.6,那覇
2025年7月22日,火,29.1,31.7,26.3,那覇
2025年7月23日,水,28.9,31.7,26.8,那覇
2025年7月24日,木,27.5,28.5,25.1,那覇
2025年7月25日,金,29.4,32,27.4,那覇
2025年7月26日,土,28.5,31.4,26.9,那覇
2025年7月27日,日,28,29.3,27.1,那覇
2025年7月28日,月,28.2,30.9,26.5,那覇
2025年7月29日,火,29.1,31.8,27.5,那覇
2025年7月30日,水,29.2,32.9,27.2,那覇
2025年7月31日,木,29.3,32.2,27.6,那覇
2025年8月1日,金,29.7,32.3,27.8,那覇
2025年8月2日,土,28.8,31.8,26.1,那覇
2025年8月3日,日,29.4,32.4,27.5,那覇
2025年8月4日,月,30,32.7,28,那覇
2025年8月5日,火,29.9,32.3,28.9,那覇
2025年8月6日,水,29.9,32.8,28.4,那覇
2025年8月7日,木,29.5,32,28.1,那覇
2025年8月8日,金,29.6,32.1,27.8,那覇
2025年8月9日,土,29.9,32.2,28.3,那覇
2025年8月10日,日,29.8,32.4,28,那覇
2025年8月11日,月,30,33.3,27.9,那覇
2025年8月12日,火,29.9,32.8,27.4,那覇
2025年8月13日,水,29.7,32.4,27.5,那覇
2025年8月14日,木,29.5,32.4,27.4,那覇
2025年8月15日,金,29.3,32.2,25.5,那覇
2025年8月16日,土,29.2,32.3,26.1,那覇
2025年8月17日,日,29.2,32.7,25.9,那覇
2025年8月18日,月,28.4,32,26,那覇
2025年8月19日,火,27.6,30.5,24.3,那覇
2025年8月20日,水,29.3,32.1,27.5,那覇
2025年8月21日,木,29.3,32.8,25.6,那覇
2025年8月22日,金,29.1,31.7,26.3,那覇
2025年8月23日,土,29.3,32.2,27.3,那覇
2025年8月24日,日,29.9,33.2,26.6,那覇
2025年8月25日,月,29.7,32.9,27.6,那覇
2025年8月26日,火,29.6,32.5,26.9,那覇
2025年8月27日,水,30,32.8,27.5,那覇
2025年8月28日,木,29.7,33,27.1,那覇
2025年8月29日,金,29.9,33.2,26.9,那覇
2025年8月30日,土,29.1,32,27,那覇
2025年8月31日,日,29.6,32.6,27.8,那覇
2025年9月1日,月,29.8,33.2,26.5,那覇
2025年9月2日,火,28.6,33.2,26,那覇
2025年9月3日,水,29.3,32.1,26.4,那覇
2025年9月4日,木,30.1,32.7,27.7,那覇
2025年9月5日,金,30.5,33.4,28.2,那覇
2025年9月6日,土,30,33.2,27.8,那覇
2025年9月7日,日,29.5,33.6,26.9,那覇
2025年9月8日,月,29.5,32.8,27.2,那覇
2025年9月9日,火,29.4,32.6,26.9,那覇
2025年9月10日,水,29.6,32.9,27.5,那覇
2025年9月11日,木,29.6,33.3,27.7,那覇
2025年9月12日,金,29.8,34,27.3,那覇
2025年9月13日,土,29,32.4,26.8,那覇
2025年9月14日,日,29.8,33.2,27.4,那覇
2025年9月15日,月,30.2,33.4,28.1,那覇
2025年9月16日,火,29.9,33.1,28.2,那覇
2025年9月17日,水,30.1,33.3,27.9,那覇
2025年9月18日,木,30,33,28,那覇
2025年9月19日,金,30.1,33.4,28.2,那覇
2025年9月20日,土,29.9,33.7,28.1,那覇
2025年9月21日,日,29.9,32.6,28.2,那覇
2025年9月22日,月,29.8,33,26.8,那覇
2025年9月23日,火,29.8,32.8,26.6,那覇
2025年9月24日,水,29.6,32.4,28.1,那覇
2025年9月25日,木,29.8,32.6,27.9,那覇
2025年9月26日,金,29.8,32.9,27.5,那覇
2025年9月27日,土,29.6,33.1,27.9,那覇
2025年9月28日,日,29,31.9,27.1,那覇
2025年9月29日,月,29,31.7,26.4,那覇
2025年9月30日,火,29.4,32.5,26.9,那覇
2025年10月1日,水,29.4,32.7,27.6,那覇
2025年10月2日,木,29.4,32.7,26.8,那覇
2025年10月3日,金,30.1,34.2,27.2,那覇
2025年10月4日,土,29.7,32.7,27.3,那覇
2025年10月5日,日,29.7,32.9,27.4,那覇
2025年10月6日,月,30,32.5,28.3,那覇
2025年10月7日,火,29.6,32.3,27.7,那覇
2025年10月8日,水,29.4,31.8,28.1,那覇
2025年10月9日,木,29,31.1,27.1,那覇
2025年10月10日,金,29,31.2,26.9,那覇
2025年10月11日,土,29.2,31.4,27.9,那覇
2025年10月12日,日,28.8,31.6,27.1,那覇
2025年10月13日,月,28.5,31.8,26.1,那覇
2025年10月14日,火,28.9,33.3,25.9,那覇
2025年10月15日,水,29.1,32.7,26.8,那覇
2025年10月16日,木,28.9,33.5,27,那覇
2025年10月17日,金,28.9,31.6,27,那覇
2025年10月18日,土,29.3,32.4,27,那覇
2025年10月19日,日,28.2,30,25.1,那覇
2025年10月20日,月,25.8,28,23.6,那覇
2025年10月21日,火,25.6,27.2,23.5,那覇
2025年10月22日,水,26.3,29.7,24.2,那覇
2025年10月23日,木,27,30,22.4,那覇
2025年10月24日,金,27.8,31.1,25.9,那覇
2025年10月25日,土,27.7,30.1,25.5,那覇
2025年10月26日,日,27,28.7,25.8,那覇
2025年10月27日,月,25.6,27,24.7,那覇
2025年10月28日,火,24,26.1,21.6,那覇
2025年10月29日,水,24.7,27.7,22,那覇
2025年10月30日,木,26.1,28.2,24.5,那覇
2025年10月31日,金,25.9,29.1,24.6,那覇
2025年11月1日,土,24.9,26.5,22.6,那覇
2025年11月2日,日,24,26.5,21.7,那覇
2025年11月3日,月,23.8,26,22.7,那覇
2025年11月4日,火,24.7,27.9,22.6,那覇
2025年11月5日,水,23.2,25.2,21.4,那覇
2025年11月6日,木,24.4,28.2,21.4,那覇
2025年11月7日,金,25.1,29.4,22.8,那覇
2025年11月8日,土,26,28.5,24.1,那覇
2025年11月9日,日,26.3,30.2,23.4,那覇
2025年11月10日,月,24.8,25.5,23.6,那覇
2025年11月11日,火,24.8,26,23,那覇
2025年11月12日,水,27.2,29.7,24.9,那覇
2025年11月13日,木,26.7,30.2,21.1,那覇
2025年11月14日,金,23.9,26.7,21.2,那覇
2025年11月15日,土,24.2,26.9,22.7,那覇
2025年11月16日,日,25.5,28.1,22.8,那覇
2025年11月17日,月,24.8,27.2,22.6,那覇
2025年11月18日,火,21.4,23.5,19.9,那覇
2025年11月19日,水,20.4,21.5,19.2,那覇
2025年11月20日,木,21,22.9,19.8,那覇
2025年11月21日,金,21.9,23.9,20.2,那覇
2025年11月22日,土,22,25.7,19.5,那覇
2025年11月23日,日,22.2,25.9,19.4,那覇
2025年11月24日,月,22.7,26,19.8,那覇
2025年11月25日,火,21.3,23.8,18.9,那覇
2025年11月26日,水,20.4,22.5,18.8,那覇
2025年11月27日,木,21.1,22.9,19.7,那覇
2025年11月28日,金,20.1,21.3,18.5,那覇
2025年11月29日,土,20.2,24.3,17.1,那覇
2025年11月30日,日,21.6,26,16.6,那覇
2025年12月1日,月,22.9,24.6,21.2,那覇
2025年12月2日,火,22.9,25.6,20.3,那覇
2025年12月3日,水,21,23.1,18.8,那覇
2025年12月4日,木,18.1,19.8,17.1,那覇
2025年12月5日,金,18.7,21.5,16.6,那覇
2025年12月6日,土,19.6,23,15.7,那覇
2025年12月7日,日,20.7,23.7,18.5,那覇
2025年12月8日,月,21.6,24.5,19.3,那覇
2025年12月9日,火,21,23.5,18.9,那覇
2025年12月10日,水,20.9,23.9,18.2,那覇
2025年12月11日,木,22.2,26.4,19.8,那覇
2025年12月12日,金,21.8,23.8,19.6,那覇
2025年12月13日,土,22.5,25.8,20.1,那覇
2025年12月14日,日,18.2,22,16.8,那覇
2025年12月15日,月,17.9,20.9,14.8,那覇
2025年12月16日,火,18.5,22.4,14.2,那覇
2025年12月17日,水,19.9,24.1,16.2,那覇
2025年12月18日,木,20,23,18,那覇
2025年12月19日,金,21.5,22.9,17.5,那覇
2025年12月20日,土,20.4,22.5,18.9,那覇
2025年12月21日,日,20.7,22.5,19.4,那覇
2025年12月22日,月,19.5,21.5,18.1,那覇
2025年12月23日,火,21.8,24.6,17.8,那覇
2025年12月24日,水,21.6,23.8,18.8,那覇
2025年12月25日,木,18.3,21.2,15.5,那覇
2025年12月26日,金,15.7,17.4,13.4,那覇
2025年12月27日,土,17,20.4,13.5,那覇
2025年12月28日,日,18.7,21.4,16.7,那覇
2025年12月29日,月,18.4,20.8,15.8,那覇
2025年12月30日,火,21.4,23.9,19,那覇
2025年12月31日,水,19.6,22,17.6,那覇
2026年1月1日,木,16.7,17.7,15.6,那覇
2026年1月2日,金,15.1,17.1,12.6,那覇
2026年1月3日,土,14.3,16.9,11.9,那覇
2026年1月4日,日,15.8,19.8,12,那覇
2026年1月5日,月,17.5,22.5,12.4,那覇
2026年1月6日,火,17.7,19.9,16.9,那覇
2026年1月7日,水,16.5,17.9,15.7,那覇
2026年1月8日,木,16.3,18.9,14.8,那覇
2026年1月9日,金,15.4,18.2,13.1,那覇
2026年1月10日,土,17.3,20.1,12.6,那覇
2026年1月11日,日,15.9,18.4,14.2,那覇
2026年1月12日,月,15.3,18.7,12.4,那覇
2026年1月13日,火,17.1,20.1,13.6,那覇
2026年1月14日,水,17.3,20.6,13.2,那覇
2026年1月15日,木,18.3,22.6,14.9,那覇
2026年1月16日,金,19.3,23.9,14.2,那覇
2026年1月17日,土,21,23.4,19.5,那覇
2026年1月18日,日,21,23.8,19,那覇
2026年1月19日,月,21,24.9,18.9,那覇
2026年1月20日,火,18.2,19.6,16.3,那覇
2026年1月21日,水,15.1,16.9,13.1,那覇
2026年1月22日,木,13.8,16.5,11.5,那覇
2026年1月23日,金,15.4,18.8,12.7,那覇
2026年1月24日,土,16.3,19,14.2,那覇
2026年1月25日,日,16.7,19.8,14,那覇
2026年1月26日,月,18.5,20.8,15.9,那覇
2026年1月27日,火,19.5,21.8,16.6,那覇
2026年1月28日,水,16.8,19.3,14.7,那覇
2026年1月29日,木,16,19.5,13,那覇
2026年1月30日,金,17.4,21.4,12.8,那覇
2026年1月31日,土,19,21.8,16.5,那覇
2026年2月1日,日,16.7,18.7,15.3,那覇
2026年2月2日,月,16.3,18.1,15,那覇
2026年2月3日,火,15.7,18.2,14.1,那覇
2026年2月4日,水,16.8,21.3,12.3,那覇
2026年2月5日,木,19.2,23.1,14.6,那覇
2026年2月6日,金,20.5,24,19.1,那覇
2026年2月7日,土,16.9,19.4,14.6,那覇
2026年2月8日,日,12.1,14.8,9.3,那覇
2026年2月9日,月,12.7,14.8,9.6,那覇
2026年2月10日,火,17.5,21.2,13,那覇
2026年2月11日,水,17.8,19.8,15.7,那覇
2026年2月12日,木,16.5,19.2,14.1,那覇
2026年2月13日,金,16.4,21.1,12.4,那覇
2026年2月14日,土,18.9,23.1,13.8,那覇
2026年2月15日,日,20.9,24.6,17.6,那覇
2026年2月16日,月,20.9,24.5,19.1,那覇
2026年2月17日,火,17.6,19.2,16.2,那覇
2026年2月18日,水,16.7,18.1,14.7,那覇
2026年2月19日,木,16.2,19.6,13,那覇
2026年2月20日,金,17,21.1,13.5,那覇
2026年2月21日,土,19.2,23.9,14.3,那覇
2026年2月22日,日,21.2,24.4,19.3,那覇
2026年2月23日,月,21,25,17.5,那覇
2026年2月24日,火,21.4,24.2,20.1,那覇
2026年2月25日,水,20.5,22.5,18.9,那覇
2026年2月26日,木,20.6,24.4,17.3,那覇
2026年2月27日,金,20.6,22.7,18.8,那覇
2026年2月28日,土,21.4,23.9,19.5,那覇
2026年3月1日,日,21.3,23.2,19.8,那覇
2026年3月2日,月,22.1,25.4,20.3,那覇
2026年3月3日,火,19.8,22.5,18.5,那覇
2026年3月4日,水,20.3,23.5,18.4,那覇
2026年3月5日,木,20.3,21.9,19.2,那覇
2026年3月6日,金,21,24.7,18.1,那覇
2026年3月7日,土,17.7,19.1,16.3,那覇
2026年3月8日,日,17.2,20.3,14.1,那覇
2026年3月9日,月,17.7,20.7,15.2,那覇
2026年3月10日,火,17.4,19.9,15.1,那覇
2026年3月11日,水,18.1,22.6,13.4,那覇
2026年3月12日,木,17.2,21.6,14.4,那覇
2026年3月13日,金,16.9,19.5,13,那覇
2026年3月14日,土,17.1,19.4,16,那覇
2026年3月15日,日,18.3,21.4,15.2,那覇
2026年3月16日,月,18.3,21.9,14.8,那覇
2026年3月17日,火,18.8,23,14.4,那覇
2026年3月18日,水,20.2,24,16.2,那覇
2026年3月19日,木,20.2,23.2,18.9,那覇
2026年3月20日,金,20,22.6,18.7,那覇
2026年3月21日,土,20.9,24.3,18.7,那覇
2026年3月22日,日,22.3,26.1,19.1,那覇
2026年3月23日,月,21.9,24.1,20.2,那覇
2026年3月24日,火,22.2,24.8,20.8,那覇
2026年3月25日,水,21.3,23.6,19.7,那覇
2026年3月26日,木,20.5,22.9,18.9,那覇
2026年3月27日,金,20.7,23.4,19.1,那覇
2026年3月28日,土,21.6,25.5,19.3,那覇
2026年3月29日,日,21.7,24.5,19.4,那覇
2026年3月30日,月,23.3,25.7,21.4,那覇
2026年3月31日,火,22.6,26.1,19.3,那覇
2026年4月1日,水,22.4,25.1,20.4,那覇
2026年4月2日,木,20.7,23.3,19,那覇
2026年4月3日,金,21,24.6,17.3,那覇
2026年4月4日,土,22.5,26.2,20.1,那覇
2026年4月5日,日,21.7,25.7,19.1,那覇
2026年4月6日,月,22.8,24.5,21.1,那覇
2026年4月7日,火,22.3,24.1,20.2,那覇
2026年4月8日,水,21.3,24.4,19.5,那覇
2026年4月9日,木,22.9,25,20.3,那覇
2026年4月10日,金,24.8,27.3,23.4,那覇
2026年4月11日,土,25.3,28.4,23.5,那覇
2026年4月12日,日,25.2,28.1,23.5,那覇
2026年4月13日,月,25.4,28,24.1,那覇
2026年4月14日,火,25.3,27.9,23.9,那覇
2026年4月15日,水,25,27.8,23.7,那覇
2026年4月16日,木,24.1,26.8,22.8,那覇
2026年4月17日,金,23.9,27.3,22.3,那覇
2026年4月18日,土,24.2,26.6,22.7,那覇
2026年4月19日,日,23.5,25.6,21.5,那覇
2026年4月20日,月,22.9,25.8,20.1,那覇
2026年4月21日,火,23.5,26.3,21.6,那覇
2026年4月22日,水,23.8,26.9,21.2,那覇
2026年4月23日,木,23.3,24.7,21.1,那覇
2026年4月24日,金,22.4,23.9,21.8,那覇
2026年4月25日,土,21.4,23.3,20.2,那覇
2026年4月26日,日,20.6,23.3,18.8,那覇
2026年4月27日,月,20.8,24.1,16,那覇
2026年4月28日,火,21.9,25.9,17.8,那覇
2026年4月29日,水,23.3,26.8,19.5,那覇
2026年4月30日,木,24,27.3,21,那覇
2026年5月1日,金,20.8,22.5,18.8,那覇
2026年5月2日,土,21.8,25.7,17.5,那覇
2026年5月3日,日,25,28.4,22.2,那覇
2026年5月4日,月,19.9,23.1,17.5,那覇
2026年5月5日,火,18,20.5,15.4,那覇
2026年5月6日,水,21.1,22.3,19.1,那覇
2026年5月7日,木,23.4,28.6,18.1,那覇
2026年5月8日,金,23.4,28.9,19.8,那覇
2026年5月9日,土,19,20.6,17.5,那覇
2026年5月10日,日,21.3,23.7,19.6,那覇
2026年5月11日,月,22.1,22.6,21.7,那覇
2026年5月12日,火,22.5,25.3,21.5,那覇
2026年5月13日,水,24,28.3,21.9,那覇
2026年5月14日,木,23.6,26,21.8,那覇
2026年5月15日,金,23.9,26.4,22.2,那覇
2026年5月16日,土,23.8,26.8,21.7,那覇
2026年5月17日,日,23.8,26.2,22.2,那覇
2026年5月18日,月,23.8,26.1,22.5,那覇
2026年5月19日,火,24.9,29.1,22.7,那覇
2026年5月20日,水,25.5,28.5,23.4,那覇
2026年5月21日,木,25.9,28.7,23.9,那覇
2026年5月22日,金,25.5,26.8,23.9,那覇
2026年5月23日,土,25.7,28.1,23.9,那覇
2026年5月24日,日,26.7,29.8,24.3,那覇
2026年5月25日,月,27.3,29.1,26.2,那覇
2026年5月26日,火,27.7,30.2,26.3,那覇
2026年5月27日,水,27.7,30.1,26.6,那覇
2026年5月28日,木,27.3,29,26.4,那覇
2026年5月29日,金,26.3,27.8,24.4,那覇
2026年5月30日,土,25.5,28.3,23.4,那覇
2026年5月31日,日,26.4,28.5,24.5,那覇
2024年1月1日,月,-6,-3.7,-7.6,札幌
2024年1月2日,火,-0.2,3.5,-7.3,札幌
2024年1月3日,水,-0.4,1.4,-1.9,札幌
2024年1月4日,木,-1.2,2.6,-4.6,札幌
2024年1月5日,金,1.3,5.4,-3.2,札幌
2024年1月6日,土,0.6,4.2,-2,札幌
2024年1月7日,日,-0.9,0.3,-2,札幌
2024年1月8日,月,-3.3,-1.5,-7,札幌
2024年1月9日,火,-2.2,0.3,-6.2,札幌
2024年1月10日,水,-5.2,-3,-6.8,札幌
2024年1月11日,木,-2.9,1.9,-8.7,札幌
2024年1月12日,金,0.1,2.8,-3,札幌
2024年1月13日,土,-3,-1.4,-4.3,札幌
2024年1月14日,日,-1.9,1.4,-6.6,札幌
2024年1月15日,月,-5.3,-0.9,-7.7,札幌
2024年1月16日,火,-5.7,-2.3,-8,札幌
2024年1月17日,水,-1.2,2.9,-5.7,札幌
2024年1月18日,木,-0.5,2.9,-4.1,札幌
2024年1月19日,金,-3.7,-0.3,-6.7,札幌
2024年1月20日,土,-6.2,-2.6,-9.3,札幌
2024年1月21日,日,-6.6,-4.8,-10.6,札幌
2024年1月22日,月,-1.7,1,-5.6,札幌
2024年1月23日,火,0.8,4.2,-1.5,札幌
2024年1月24日,水,-1.7,0.1,-5,札幌
2024年1月25日,木,-0.6,1.2,-2.8,札幌
2024年1月26日,金,0.7,2.1,-0.8,札幌
2024年1月27日,土,0.8,2.9,-1.2,札幌
2024年1月28日,日,1,4,-1.7,札幌
2024年1月29日,月,1,3.1,-1.3,札幌
2024年1月30日,火,-0.2,3,-4.1,札幌
2024年1月31日,水,-1.6,2.1,-5.9,札幌
2024年2月1日,木,-4.8,0.5,-7.1,札幌
2024年2月2日,金,-5.2,-2.8,-7.5,札幌
2024年2月3日,土,-5.8,-1.8,-9,札幌
2024年2月4日,日,-2.4,1.5,-4.5,札幌
2024年2月5日,月,-4.6,-1.9,-7.6,札幌
2024年2月6日,火,-5.4,-2.7,-7,札幌
2024年2月7日,水,-2.9,1.2,-7,札幌
2024年2月8日,木,-1.6,1.5,-5.5,札幌
2024年2月9日,金,-1.6,0.8,-3.5,札幌
2024年2月10日,土,-1.3,1.6,-4.1,札幌
2024年2月11日,日,-2.1,0.1,-4.8,札幌
2024年2月12日,月,0.1,3.4,-4.7,札幌
2024年2月13日,火,5.4,10.1,-1.9,札幌
2024年2月14日,水,5.2,10.8,1.2,札幌
2024年2月15日,木,1.2,3.5,-1.9,札幌
2024年2月16日,金,-2.5,0.1,-5.6,札幌
2024年2月17日,土,-1.4,2.7,-6.8,札幌
2024年2月18日,日,2.7,6.2,-1.3,札幌
2024年2月19日,月,7.6,13.9,2.8,札幌
2024年2月20日,火,-1,6.4,-4.6,札幌
2024年2月21日,水,-3.9,-1.6,-5.1,札幌
2024年2月22日,木,-4.7,-3,-6.6,札幌
2024年2月23日,金,-5.7,-3.8,-7.8,札幌
2024年2月24日,土,-4.9,-2.8,-7.6,札幌
2024年2月25日,日,-3.3,-0.8,-6.4,札幌
2024年2月26日,月,-2.9,-1.3,-4.5,札幌
2024年2月27日,火,-1.4,1.9,-4,札幌
2024年2月28日,水,-3.9,-1.6,-7.7,札幌
2024年2月29日,木,-3.2,0.7,-7.3,札幌
2024年3月1日,金,-0.4,2.2,-3.7,札幌
2024年3月2日,土,-6,-0.5,-7.4,札幌
2024年3月3日,日,-3.4,-0.1,-8,札幌
2024年3月4日,月,-3.7,-0.6,-6.7,札幌
2024年3月5日,火,-2,1,-6,札幌
2024年3月6日,水,-2.4,1.9,-8.3,札幌
2024年3月7日,木,-2.7,0.1,-5.3,札幌
2024年3月8日,金,-2.8,1.3,-7.3,札幌
2024年3月9日,土,-2,2.1,-7.5,札幌
2024年3月10日,日,-1.7,0.7,-4.1,札幌
2024年3月11日,月,2.1,6.6,-3.2,札幌
2024年3月12日,火,2.6,5,0.1,札幌
2024年3月13日,水,-0.5,1,-2.1,札幌
2024年3月14日,木,0.9,4.9,-3.9,札幌
2024年3月15日,金,1.8,5.2,-1.1,札幌
2024年3月16日,土,2.7,6.2,-0.1,札幌
2024年3月17日,日,2,5.3,0,札幌
2024年3月18日,月,1.4,2.7,-0.3,札幌
2024年3月19日,火,-0.9,2.3,-3.1,札幌
2024年3月20日,水,-0.5,2.4,-4.9,札幌
2024年3月21日,木,0,2.2,-2.4,札幌
2024年3月22日,金,1.1,4.9,-2.5,札幌
2024年3月23日,土,2.3,6.5,-2.4,札幌
2024年3月24日,日,4.7,10.7,-1.7,札幌
2024年3月25日,月,3.6,6,0.2,札幌
2024年3月26日,火,2.4,6.3,-2,札幌
2024年3月27日,水,2.8,5.6,-0.3,札幌
2024年3月28日,木,4,8.9,-2.3,札幌
2024年3月29日,金,8.2,11.8,5.7,札幌
2024年3月30日,土,6.9,10.7,4.5,札幌
2024年3月31日,日,4.8,7.8,1.6,札幌
2024年4月1日,月,4.9,9,2.4,札幌
2024年4月2日,火,4.6,8.3,1,札幌
2024年4月3日,水,5.7,10.6,0.5,札幌
2024年4月4日,木,6,10.2,3.8,札幌
2024年4月5日,金,7.4,11.9,1.7,札幌
2024年4月6日,土,9.5,14.9,4.5,札幌
2024年4月7日,日,12.1,19.7,8,札幌
2024年4月8日,月,13.5,22,7.5,札幌
2024年4月9日,火,4.4,9.8,2.8,札幌
2024年4月10日,水,7.8,12.6,2.7,札幌
2024年4月11日,木,10.1,16.6,2.8,札幌
2024年4月12日,金,12.3,18.1,9.3,札幌
2024年4月13日,土,14.2,22.3,7.4,札幌
2024年4月14日,日,13.9,23,7.9,札幌
2024年4月15日,月,16.3,26.1,8.9,札幌
2024年4月16日,火,15.9,20.5,12.1,札幌
2024年4月17日,水,15,19.4,12.3,札幌
2024年4月18日,木,10.9,12.7,10.3,札幌
2024年4月19日,金,8.4,10.8,6.1,札幌
2024年4月20日,土,6.4,8.4,5.6,札幌
2024年4月21日,日,7.3,11.1,5.3,札幌
2024年4月22日,月,7.8,11,5.7,札幌
2024年4月23日,火,10.3,16.5,5.1,札幌
2024年4月24日,水,10.1,14,7,札幌
2024年4月25日,木,11.3,13.6,9.1,札幌
2024年4月26日,金,15.6,24,8.5,札幌
2024年4月27日,土,18.2,27.9,11.4,札幌
2024年4月28日,日,12,15.6,9.4,札幌
2024年4月29日,月,10.8,14.6,8.6,札幌
2024年4月30日,火,10.7,16.1,6.9,札幌
2024年5月1日,水,9.8,14.7,6.3,札幌
2024年5月2日,木,14.1,20.8,5.7,札幌
2024年5月3日,金,14.4,20.7,9.6,札幌
2024年5月4日,土,13.5,19.2,7.5,札幌
2024年5月5日,日,16.2,22,11.1,札幌
2024年5月6日,月,15.5,18.3,13.7,札幌
2024年5月7日,火,11.2,17.9,4.7,札幌
2024年5月8日,水,6.1,8.6,3.9,札幌
2024年5月9日,木,9.6,15.5,4.8,札幌
2024年5月10日,金,13.8,18.1,8.7,札幌
2024年5月11日,土,17.2,21.7,13.5,札幌
2024年5月12日,日,17.3,21.7,14.7,札幌
2024年5月13日,月,13.3,16.6,9,札幌
2024年5月14日,火,16.2,22.9,8,札幌
2024年5月15日,水,17.7,23.2,11.9,札幌
2024年5月16日,木,17.4,22.6,12.2,札幌
2024年5月17日,金,15.6,19.1,13.2,札幌
2024年5月18日,土,19.6,25.1,11.8,札幌
2024年5月19日,日,17.2,21.4,13.6,札幌
2024年5月20日,月,15.3,23.2,11.5,札幌
2024年5月21日,火,11.3,14.5,8.7,札幌
2024年5月22日,水,16.1,24.1,7,札幌
2024年5月23日,木,17.3,23.9,13.9,札幌
2024年5月24日,金,12.1,15.3,8.6,札幌
2024年5月25日,土,11,15.3,8,札幌
2024年5月26日,日,15.5,22.3,9.2,札幌
2024年5月27日,月,15.9,19.2,12.3,札幌
2024年5月28日,火,14,19.2,10.1,札幌
2024年5月29日,水,10.6,12.9,9.7,札幌
2024年5月30日,木,12.4,16,9.6,札幌
2024年5月31日,金,13.2,17.5,11.1,札幌
2024年6月1日,土,15.7,21.5,11.5,札幌
2024年6月2日,日,15.4,20.4,10.5,札幌
2024年6月3日,月,15.5,19.9,12.2,札幌
2024年6月4日,火,15.1,22.3,11.9,札幌
2024年6月5日,水,12.5,13.5,11.8,札幌
2024年6月6日,木,12.9,15.1,10.7,札幌
2024年6月7日,金,17.6,24.3,12.4,札幌
2024年6月8日,土,20.9,27,14.8,札幌
2024年6月9日,日,18.4,20.2,16.6,札幌
2024年6月10日,月,20.2,26.1,16.3,札幌
2024年6月11日,火,20.2,25,16,札幌
2024年6月12日,水,21.8,28.4,15.8,札幌
2024年6月13日,木,19.4,23.4,16.3,札幌
2024年6月14日,金,17,22.8,15.5,札幌
2024年6月15日,土,20.8,25.5,15.5,札幌
2024年6月16日,日,20.4,22.4,18.6,札幌
2024年6月17日,月,22.6,27.5,17,札幌
2024年6月18日,火,21,25,15.9,札幌
2024年6月19日,水,19.1,23.8,15,札幌
2024年6月20日,木,19.3,24.1,16,札幌
2024年6月21日,金,21,26.6,17.5,札幌
2024年6月22日,土,18.7,26.7,15.9,札幌
2024年6月23日,日,19.6,25,15.7,札幌
2024年6月24日,月,20.1,22.4,18.8,札幌
2024年6月25日,火,17.4,22.8,13.5,札幌
2024年6月26日,水,15,18.8,12.9,札幌
2024年6月27日,木,19.1,25.7,11.5,札幌
2024年6月28日,金,23.9,29.1,18.9,札幌
2024年6月29日,土,24.5,31.3,18.7,札幌
2024年6月30日,日,23.9,30.9,18.6,札幌
2024年7月1日,月,18.2,23.8,15,札幌
2024年7月2日,火,19,24.2,13.9,札幌
2024年7月3日,水,21.8,29.6,15.2,札幌
2024年7月4日,木,22.4,28.9,18.2,札幌
2024年7月5日,金,23.6,30.5,19.5,札幌
2024年7月6日,土,22.4,24.9,20.7,札幌
2024年7月7日,日,23,25,21.9,札幌
2024年7月8日,月,20.1,22.7,18.9,札幌
2024年7月9日,火,21.2,25.3,18.6,札幌
2024年7月10日,水,22.5,27.2,19,札幌
2024年7月11日,木,21.6,25.9,18.1,札幌
2024年7月12日,金,22.4,27.6,19.5,札幌
2024年7月13日,土,20.8,24.5,18.7,札幌
2024年7月14日,日,22.9,29.5,18.5,札幌
2024年7月15日,月,24.1,29.3,20.3,札幌
2024年7月16日,火,24.8,30.1,21,札幌
2024年7月17日,水,26,31.4,21.4,札幌
2024年7月18日,木,26.2,33.4,21.2,札幌
2024年7月19日,金,24.1,25.3,22.9,札幌
2024年7月20日,土,27,33,23.6,札幌
2024年7月21日,日,27.9,34.7,22.3,札幌
2024年7月22日,月,28.8,34.7,23.9,札幌
2024年7月23日,火,28.1,31.4,25.6,札幌
2024年7月24日,水,23.4,27.8,20.2,札幌
2024年7月25日,木,22.4,26.8,19,札幌
2024年7月26日,金,23.9,28.9,20.6,札幌
2024年7月27日,土,22.9,25.7,20.7,札幌
2024年7月28日,日,23.1,27.4,20.7,札幌
2024年7月29日,月,22.9,24.1,21.9,札幌
2024年7月30日,火,23.7,28.2,21.3,札幌
2024年7月31日,水,22.6,25.7,20.9,札幌
2024年8月1日,木,23.5,28.4,20.5,札幌
2024年8月2日,金,26.1,30,23.2,札幌
2024年8月3日,土,25.7,29.5,22.9,札幌
2024年8月4日,日,21.3,22.9,20.4,札幌
2024年8月5日,月,21.5,24.4,19.9,札幌
2024年8月6日,火,23.2,26.4,20.7,札幌
2024年8月7日,水,25.9,32,21.8,札幌
2024年8月8日,木,26,30.1,23.7,札幌
2024年8月9日,金,26.7,30.2,24.8,札幌
2024年8月10日,土,25.6,28.6,24.1,札幌
2024年8月11日,日,25.3,29.4,22.1,札幌
2024年8月12日,月,27.6,34.1,23.3,札幌
2024年8月13日,火,26,28.5,25,札幌
2024年8月14日,水,25.7,28.5,23.4,札幌
2024年8月15日,木,24,27.6,22.3,札幌
2024年8月16日,金,25.3,29.3,23.1,札幌
2024年8月17日,土,24.3,27.6,22.5,札幌
2024年8月18日,日,23,25.8,21.1,札幌
2024年8月19日,月,23.8,29.4,19.8,札幌
2024年8月20日,火,21.8,25.1,19.4,札幌
2024年8月21日,水,23.2,28.7,18.2,札幌
2024年8月22日,木,22.9,25.7,19.6,札幌
2024年8月23日,金,28,30.7,23.7,札幌
2024年8月24日,土,25.7,29,21.8,札幌
2024年8月25日,日,24.3,28.9,20.2,札幌
2024年8月26日,月,24.8,28.3,21.5,札幌
2024年8月27日,火,22.3,25.2,19.5,札幌
2024年8月28日,水,23.5,28.5,19.8,札幌
2024年8月29日,木,24.9,30.6,19.8,札幌
2024年8月30日,金,25.7,30.3,23.5,札幌
2024年8月31日,土,23.8,28,21.2,札幌
2024年9月1日,日,23.8,29,18.3,札幌
2024年9月2日,月,22.7,27,18.8,札幌
2024年9月3日,火,23,27.8,18.2,札幌
2024年9月4日,水,22.7,28.6,16.8,札幌
2024年9月5日,木,24.1,27.6,20.4,札幌
2024年9月6日,金,21.7,25.9,17.2,札幌
2024年9月7日,土,21.3,26.7,15.8,札幌
2024年9月8日,日,24.2,31.5,17.2,札幌
2024年9月9日,月,22.6,27.1,19.1,札幌
2024年9月10日,火,24.1,27.7,19.4,札幌
2024年9月11日,水,21.6,25.8,18.1,札幌
2024年9月12日,木,21.2,26.4,18,札幌
2024年9月13日,金,20.2,27.4,16.6,札幌
2024年9月14日,土,18.3,23.7,13.4,札幌
2024年9月15日,日,17.5,19.3,14.5,札幌
2024年9月16日,月,18.2,23.6,12,札幌
2024年9月17日,火,20.5,24.7,17.6,札幌
2024年9月18日,水,20.3,25,16.3,札幌
2024年9月19日,木,19.1,23.7,14,札幌
2024年9月20日,金,17.3,23,15.4,札幌
2024年9月21日,土,14.6,17.2,11.2,札幌
2024年9月22日,日,13.9,17.3,11.3,札幌
2024年9月23日,月,14.8,19.8,10,札幌
2024年9月24日,火,16.2,22.2,10.1,札幌
2024年9月25日,水,17.5,21,13.6,札幌
2024年9月26日,木,20.4,24.4,17.3,札幌
2024年9月27日,金,19.8,23.8,17.8,札幌
2024年9月28日,土,18.9,22.5,15.8,札幌
2024年9月29日,日,17.2,23,12.5,札幌
2024年9月30日,月,17.8,22.3,14.3,札幌
2024年10月1日,火,20.4,26.3,15.1,札幌
2024年10月2日,水,18.5,22,15,札幌
2024年10月3日,木,14.7,16.8,12.1,札幌
2024年10月4日,金,13.7,15.2,12,札幌
2024年10月5日,土,17.2,21.3,12.4,札幌
2024年10月6日,日,16.7,22.5,10.9,札幌
2024年10月7日,月,16.1,18.1,14.2,札幌
2024年10月8日,火,15.2,19.4,11.3,札幌
2024年10月9日,水,12.6,17.7,8.1,札幌
2024年10月10日,木,13,18.4,7.4,札幌
2024年10月11日,金,12.9,18.1,7.7,札幌
2024年10月12日,土,14.9,21.1,8.2,札幌
2024年10月13日,日,14.9,17.6,9.3,札幌
2024年10月14日,月,14.1,20.3,7.2,札幌
2024年10月15日,火,18.3,21.1,15,札幌
2024年10月16日,水,15,18.6,8.7,札幌
2024年10月17日,木,12.8,20.2,6.5,札幌
2024年10月18日,金,14.5,18.9,7.6,札幌
2024年10月19日,土,12.8,18.5,5.1,札幌
2024年10月20日,日,7.1,10.7,2.8,札幌
2024年10月21日,月,10.4,15.1,3.6,札幌
2024年10月22日,火,15.7,20.3,10.7,札幌
2024年10月23日,水,18.3,20.8,15.9,札幌
2024年10月24日,木,15.5,19.3,9.4,札幌
2024年10月25日,金,11.6,16.6,7.7,札幌
2024年10月26日,土,11.3,17.3,6.7,札幌
2024年10月27日,日,10.9,16.4,5.8,札幌
2024年10月28日,月,9.6,14.4,6.2,札幌
2024年10月29日,火,9,14.6,4.5,札幌
2024年10月30日,水,9.7,14.8,4,札幌
2024年10月31日,木,11.9,15.9,7.3,札幌
2024年11月1日,金,10.2,12.1,7.8,札幌
2024年11月2日,土,11.1,15.5,7.1,札幌
2024年11月3日,日,8.9,12.2,6.6,札幌
2024年11月4日,月,10.2,14.8,6,札幌
2024年11月5日,火,7,8.8,3.9,札幌
2024年11月6日,水,4.7,8.9,0.5,札幌
2024年11月7日,木,2.2,4.2,0.7,札幌
2024年11月8日,金,4.3,6.9,0.4,札幌
2024年11月9日,土,6,9.5,2.1,札幌
2024年11月10日,日,8.6,14.1,0.8,札幌
2024年11月11日,月,9.9,14.6,3.7,札幌
2024年11月12日,火,7,13.1,1.9,札幌
2024年11月13日,水,5.9,8.1,3,札幌
2024年11月14日,木,6.1,10.2,0.8,札幌
2024年11月15日,金,9.4,14.9,6.3,札幌
2024年11月16日,土,9.6,13.8,4,札幌
2024年11月17日,日,9.9,15.7,2.9,札幌
2024年11月18日,月,0.5,3.4,-2.9,札幌
2024年11月19日,火,0.1,3,-3,札幌
2024年11月20日,水,5.8,9.3,0.7,札幌
2024年11月21日,木,5.2,9.6,1.3,札幌
2024年11月22日,金,4.7,7.5,1.2,札幌
2024年11月23日,土,3.5,8,-0.7,札幌
2024年11月24日,日,1.8,3.2,-1.4,札幌
2024年11月25日,月,3.7,6.8,1.5,札幌
2024年11月26日,火,5,9.9,-0.9,札幌
2024年11月27日,水,10.5,13.4,6.6,札幌
2024年11月28日,木,5.4,8.8,2.4,札幌
2024年11月29日,金,1.4,4.6,-0.9,札幌
2024年11月30日,土,0.5,2.1,-1.2,札幌
2024年12月1日,日,2.4,5.5,-0.9,札幌
2024年12月2日,月,3.5,7.8,-1.9,札幌
2024年12月3日,火,4.1,8.3,-0.3,札幌
2024年12月4日,水,-0.2,3.7,-1.7,札幌
2024年12月5日,木,-0.5,2.4,-2.3,札幌
2024年12月6日,金,-1.7,0.9,-4.4,札幌
2024年12月7日,土,-2.5,-0.6,-4.5,札幌
2024年12月8日,日,-1.6,0.6,-3.4,札幌
2024年12月9日,月,0,2,-1.1,札幌
2024年12月10日,火,1.3,3.9,-0.4,札幌
2024年12月11日,水,-1.5,1.4,-4.4,札幌
2024年12月12日,木,-3.6,-0.5,-5,札幌
2024年12月13日,金,-2.8,-1.2,-4.8,札幌
2024年12月14日,土,-3.2,-0.6,-4.6,札幌
2024年12月15日,日,-2.6,0.5,-4.4,札幌
2024年12月16日,月,-4.7,-3.3,-6.6,札幌
2024年12月17日,火,-4.6,-2.7,-8,札幌
2024年12月18日,水,-3.3,-0.7,-6.5,札幌
2024年12月19日,木,-0.6,1.5,-3.1,札幌
2024年12月20日,金,-3.3,-1.5,-6.9,札幌
2024年12月21日,土,-5.2,-2.8,-8.2,札幌
2024年12月22日,日,-3.8,-1.6,-5.6,札幌
2024年12月23日,月,-3.4,0,-7,札幌
2024年12月24日,火,-4.1,-0.5,-8.4,札幌
2024年12月25日,水,-0.2,2.1,-3.5,札幌
2024年12月26日,木,0.2,3.7,-4.4,札幌
2024年12月27日,金,-5,-3.4,-6.5,札幌
2024年12月28日,土,-3.4,0,-6.9,札幌
2024年12月29日,日,-3.4,0,-5.1,札幌
2024年12月30日,月,-3.2,-0.5,-5.6,札幌
2024年12月31日,火,-3.5,-1.4,-5.5,札幌
2025年1月1日,水,-2.4,1.4,-4.6,札幌
2025年1月2日,木,-3.5,-0.1,-6.7,札幌
2025年1月3日,金,-4.7,-1.7,-7.6,札幌
2025年1月4日,土,-4.2,-2,-7.2,札幌
2025年1月5日,日,-3.6,-1.5,-6.4,札幌
2025年1月6日,月,0.2,3.2,-3.4,札幌
2025年1月7日,火,0.4,1.8,-1.3,札幌
2025年1月8日,水,-1.9,0.3,-3.5,札幌
2025年1月9日,木,-2.6,-0.1,-3.8,札幌
2025年1月10日,金,-1.6,1.8,-4.6,札幌
2025年1月11日,土,-1.6,0,-3.6,札幌
2025年1月12日,日,-1.3,1.5,-3.8,札幌
2025年1月13日,月,-1.1,1.7,-3.8,札幌
2025年1月14日,火,-0.1,4.3,-3,札幌
2025年1月15日,水,-4.3,-2.4,-6,札幌
2025年1月16日,木,-4.3,-2.4,-7.1,札幌
2025年1月17日,金,-4.8,-3.2,-5.9,札幌
2025年1月18日,土,-3.9,-0.2,-7,札幌
2025年1月19日,日,-1.6,3.3,-8.5,札幌
2025年1月20日,月,2.6,5.4,0.5,札幌
2025年1月21日,火,-0.4,1.6,-2.5,札幌
2025年1月22日,水,1.3,5.1,-2.3,札幌
2025年1月23日,木,2,4,0.3,札幌
2025年1月24日,金,1.5,2.8,0.5,札幌
2025年1月25日,土,2.3,4.6,0.1,札幌
2025年1月26日,日,0.3,3.6,-2.7,札幌
2025年1月27日,月,-0.3,4,-4.3,札幌
2025年1月28日,火,0.3,3.3,-2.6,札幌
2025年1月29日,水,-0.2,2.1,-2.6,札幌
2025年1月30日,木,-0.4,2.4,-1.7,札幌
2025年1月31日,金,-0.7,1.8,-1.9,札幌
2025年2月1日,土,-1.6,1.3,-4.6,札幌
2025年2月2日,日,-2.4,-0.8,-4.7,札幌
2025年2月3日,月,-3.4,-0.3,-7.6,札幌
2025年2月4日,火,0.8,5,-1.9,札幌
2025年2月5日,水,-0.6,1.8,-2.3,札幌
2025年2月6日,木,-0.1,2.7,-2.5,札幌
2025年2月7日,金,-2.3,0.9,-5.6,札幌
2025年2月8日,土,-2.2,3,-8.2,札幌
2025年2月9日,日,-1.5,0.9,-3.3,札幌
2025年2月10日,月,-1.8,2.1,-4.7,札幌
2025年2月11日,火,-2.4,1.3,-5.9,札幌
2025年2月12日,水,0.4,4.6,-5.9,札幌
2025年2月13日,木,-1.9,0.6,-3.5,札幌
2025年2月14日,金,-1.6,1.6,-3.3,札幌
2025年2月15日,土,-0.3,3.5,-3.6,札幌
2025年2月16日,日,0.9,5.9,-4.5,札幌
2025年2月17日,月,0.8,3.7,-2.3,札幌
2025年2月18日,火,-2.9,-1.3,-4.9,札幌
2025年2月19日,水,-1.8,-0.3,-4.1,札幌
2025年2月20日,木,-2,1.5,-7.2,札幌
2025年2月21日,金,-2.3,0.4,-5.9,札幌
2025年2月22日,土,-2.7,1.2,-7.4,札幌
2025年2月23日,日,-2.5,1.7,-6.7,札幌
2025年2月24日,月,-1.6,2.2,-7,札幌
2025年2月25日,火,2.6,5.5,-2.1,札幌
2025年2月26日,水,1,4.8,-1.5,札幌
2025年2月27日,木,0.2,2.1,-2.5,札幌
2025年2月28日,金,5.9,10.9,-0.7,札幌
2025年3月1日,土,4.7,7.8,-0.1,札幌
2025年3月2日,日,0.4,5,-2.6,札幌
2025年3月3日,月,-4.2,-2,-6.4,札幌
2025年3月4日,火,-2.7,-0.1,-5.1,札幌
2025年3月5日,水,-1.5,1.6,-5.6,札幌
2025年3月6日,木,0.3,2.8,-1.4,札幌
2025年3月7日,金,-0.6,2,-2.9,札幌
2025年3月8日,土,-1.4,2.5,-5.9,札幌
2025年3月9日,日,1,6.2,-2.5,札幌
2025年3月10日,月,2.2,6.1,-2.4,札幌
2025年3月11日,火,5.2,10.2,0.9,札幌
2025年3月12日,水,6.5,11.6,0,札幌
2025年3月13日,木,6.9,10,3.4,札幌
2025年3月14日,金,1.9,3.8,0.3,札幌
2025年3月15日,土,1.2,3.2,-0.3,札幌
2025年3月16日,日,0.5,3.4,-1.8,札幌
2025年3月17日,月,-0.8,0.1,-2.9,札幌
2025年3月18日,火,-1.2,1.6,-5.4,札幌
2025年3月19日,水,-1,3.8,-5.8,札幌
2025年3月20日,木,2.3,5.7,-2.2,札幌
2025年3月21日,金,6,9,3,札幌
2025年3月22日,土,6.5,10.4,1.8,札幌
2025年3月23日,日,3.3,4.3,1.3,札幌
2025年3月24日,月,4.4,9.2,-1.3,札幌
2025年3月25日,火,7.5,11.1,5.9,札幌
2025年3月26日,水,4.8,9.3,1.4,札幌
2025年3月27日,木,3.1,5.5,0.4,札幌
2025年3月28日,金,3.8,5.8,1.5,札幌
2025年3月29日,土,2.7,6.4,0.1,札幌
2025年3月30日,日,0.5,4.2,-2.2,札幌
2025年3月31日,月,0.4,3.2,-3.1,札幌
2025年4月1日,火,4,8.8,-0.6,札幌
2025年4月2日,水,5,8.3,3,札幌
2025年4月3日,木,3.8,5.7,2.1,札幌
2025年4月4日,金,3.7,5.7,0.6,札幌
2025年4月5日,土,6.7,11.8,0.9,札幌
2025年4月6日,日,7.8,13.4,2.9,札幌
2025年4月7日,月,9.7,16.7,7,札幌
2025年4月8日,火,7.4,9.3,6.1,札幌
2025年4月9日,水,8.8,13.9,4.5,札幌
2025年4月10日,木,10.6,17,5,札幌
2025年4月11日,金,10.7,17.4,6.8,札幌
2025年4月12日,土,12,19,6.3,札幌
2025年4月13日,日,11.9,16.9,8,札幌
2025年4月14日,月,9.1,12.1,7.4,札幌
2025年4月15日,火,7.7,10.4,6.6,札幌
2025年4月16日,水,7.6,9.1,6.3,札幌
2025年4月17日,木,10,15.5,5.6,札幌
2025年4月18日,金,10.4,18.8,4,札幌
2025年4月19日,土,11,14.2,8.8,札幌
2025年4月20日,日,9.6,13.6,7.1,札幌
2025年4月21日,月,7.1,8.3,5.6,札幌
2025年4月22日,火,8.5,15.6,4,札幌
2025年4月23日,水,9.5,15,5.6,札幌
2025年4月24日,木,14.1,21.1,9.8,札幌
2025年4月25日,金,10.3,14.3,6.4,札幌
2025年4月26日,土,9.6,12.8,5.3,札幌
2025年4月27日,日,7.9,10.5,6.4,札幌
2025年4月28日,月,8.5,15.9,4.9,札幌
2025年4月29日,火,6.1,8.7,4.5,札幌
2025年4月30日,水,6.3,8.8,3.8,札幌
2025年5月1日,木,10.6,18.7,3.1,札幌
2025年5月2日,金,12.2,16.3,10,札幌
2025年5月3日,土,13.6,18.1,10.3,札幌
2025年5月4日,日,12.1,16.5,10.1,札幌
2025年5月5日,月,13.1,18,8.6,札幌
2025年5月6日,火,13,17.2,8.9,札幌
2025年5月7日,水,11.7,16.1,7.2,札幌
2025年5月8日,木,14.3,19.8,7.7,札幌
2025年5月9日,金,15.9,21,9.6,札幌
2025年5月10日,土,13.2,14.7,11.8,札幌
2025年5月11日,日,12.1,14.5,9.6,札幌
2025年5月12日,月,14.8,22,8.1,札幌
2025年5月13日,火,15.4,21.7,10.5,札幌
2025年5月14日,水,18.6,25.9,12.3,札幌
2025年5月15日,木,18,23.9,13.1,札幌
2025年5月16日,金,20.2,27.1,14.5,札幌
2025年5月17日,土,18.8,24.5,15.5,札幌
2025年5月18日,日,17.2,22.9,12.1,札幌
2025年5月19日,月,15.7,21.5,9.9,札幌
2025年5月20日,火,14.7,19.8,12,札幌
2025年5月21日,水,14.7,21.5,8.5,札幌
2025年5月22日,木,12.8,16.7,10.7,札幌
2025年5月23日,金,12.1,15.8,10.7,札幌
2025年5月24日,土,14.3,19.5,10.3,札幌
2025年5月25日,日,11.4,12.8,10.7,札幌
2025年5月26日,月,11.9,14.6,9.6,札幌
2025年5月27日,火,15,22,8,札幌
2025年5月28日,水,17.6,24.2,10.8,札幌
2025年5月29日,木,18.7,26.4,12.2,札幌
2025年5月30日,金,18.7,26.9,13.8,札幌
2025年5月31日,土,19.2,24.8,15.7,札幌
2025年6月1日,日,16.5,22.8,12.2,札幌
2025年6月2日,月,14.1,18,12,札幌
2025年6月3日,火,16.2,20.7,12.8,札幌
2025年6月4日,水,16.3,21.2,12.7,札幌
2025年6月5日,木,15.4,19.2,12.6,札幌
2025年6月6日,金,19.8,24.2,14.5,札幌
2025年6月7日,土,20.6,24.9,17.5,札幌
2025年6月8日,日,19.4,23.3,15,札幌
2025年6月9日,月,21,29.4,13,札幌
2025年6月10日,火,20.6,28.4,15.8,札幌
2025年6月11日,水,20.4,25.7,16.9,札幌
2025年6月12日,木,15.3,18.3,13.4,札幌
2025年6月13日,金,18.2,25.4,11.8,札幌
2025年6月14日,土,20.9,27.2,16.2,札幌
2025年6月15日,日,19.9,24,16.9,札幌
2025年6月16日,月,19.6,24.3,16.5,札幌
2025年6月17日,火,23.3,28.1,18.1,札幌
2025年6月18日,水,23.4,29,19.1,札幌
2025年6月19日,木,22.4,30.3,18.1,札幌
2025年6月20日,金,23.6,30.9,18.5,札幌
2025年6月21日,土,21.9,25.2,19.3,札幌
2025年6月22日,日,21.2,23.3,19.6,札幌
2025年6月23日,月,23.4,28.2,18.4,札幌
2025年6月24日,火,24.9,30.2,18.6,札幌
2025年6月25日,水,26,33.1,20.1,札幌
2025年6月26日,木,24.2,30.2,20.7,札幌
2025年6月27日,金,20,22.8,17.8,札幌
2025年6月28日,土,20.8,27.6,17.6,札幌
2025年6月29日,日,23.7,30.2,17.4,札幌
2025年6月30日,月,23.8,28.8,21.2,札幌
2025年7月1日,火,25.1,32.3,21.1,札幌
2025年7月2日,水,25.4,28.8,22.8,札幌
2025年7月3日,木,25.8,30,22.8,札幌
2025年7月4日,金,26.1,29.5,21.9,札幌
2025年7月5日,土,25.7,33,21.6,札幌
2025年7月6日,日,27,32.2,22.1,札幌
2025年7月7日,月,27.1,32.4,22.8,札幌
2025年7月8日,火,24.8,29.2,20.8,札幌
2025年7月9日,水,24.5,30.3,19.5,札幌
2025年7月10日,木,23,27.5,20,札幌
2025年7月11日,金,20.6,25.3,17.3,札幌
2025年7月12日,土,20,25.6,16.2,札幌
2025年7月13日,日,21.4,26.5,16,札幌
2025年7月14日,月,24.5,28.5,19.7,札幌
2025年7月15日,火,25.7,30.2,23.1,札幌
2025年7月16日,水,25.5,30.6,23.1,札幌
2025年7月17日,木,28.5,33.9,24.3,札幌
2025年7月18日,金,26.6,30.2,23.9,札幌
2025年7月19日,土,25.6,27.8,23.1,札幌
2025年7月20日,日,27.4,30.8,23.5,札幌
2025年7月21日,月,29.2,32.9,25.6,札幌
2025年7月22日,火,29.8,33.5,25.4,札幌
2025年7月23日,水,29.8,34.9,24.9,札幌
2025年7月24日,木,28.5,35.3,23.9,札幌
2025年7月25日,金,28.4,35.7,23.6,札幌
2025年7月26日,土,25.7,27.6,23.7,札幌
2025年7月27日,日,25.5,29.5,23.2,札幌
2025年7月28日,月,24.7,27.6,23.2,札幌
2025年7月29日,火,25.8,28.6,22.9,札幌
2025年7月30日,水,27.3,32.7,23.4,札幌
2025年7月31日,木,26.3,30.1,23.3,札幌
2025年8月1日,金,26.6,30.7,23.8,札幌
2025年8月2日,土,27.2,31.8,24,札幌
2025年8月3日,日,27.2,31.2,24.7,札幌
2025年8月4日,月,26.7,30,23.8,札幌
2025年8月5日,火,26.1,29,24.3,札幌
2025年8月6日,水,25.3,30.2,22.3,札幌
2025年8月7日,木,23.8,26.5,21.6,札幌
2025年8月8日,金,22.7,26.6,20.9,札幌
2025年8月9日,土,23.3,27.2,20.1,札幌
2025年8月10日,日,24.7,28,21.1,札幌
2025年8月11日,月,25.5,31.5,20.7,札幌
2025年8月12日,火,25.5,29.7,22.3,札幌
2025年8月13日,水,25.2,29.2,20.8,札幌
2025年8月14日,木,25,28.9,21.2,札幌
2025年8月15日,金,26.2,30.1,21.9,札幌
2025年8月16日,土,27.1,33.4,19.8,札幌
2025年8月17日,日,24.2,27.3,20.9,札幌
2025年8月18日,月,24.7,29.3,19.7,札幌
2025年8月19日,火,23.8,29.2,18.7,札幌
2025年8月20日,水,26.4,33.1,21.7,札幌
2025年8月21日,木,23.7,27.3,19.2,札幌
2025年8月22日,金,23.2,27.3,19.9,札幌
2025年8月23日,土,24.4,30.1,21.1,札幌
2025年8月24日,日,25,28.9,20.4,札幌
2025年8月25日,月,24.9,28.2,23,札幌
2025年8月26日,火,25.2,29.1,22.8,札幌
2025年8月27日,水,24.4,30.1,20.4,札幌
2025年8月28日,木,21.7,25.1,19.1,札幌
2025年8月29日,金,21.8,24.5,20.2,札幌
2025年8月30日,土,20.6,22.9,19.4,札幌
2025年8月31日,日,23.3,26.9,19.3,札幌
2025年9月1日,月,24.6,27.7,22,札幌
2025年9月2日,火,22.8,24.3,21.3,札幌
2025年9月3日,水,23.6,27.3,19.9,札幌
2025年9月4日,木,22.7,28.2,17.8,札幌
2025年9月5日,金,23.3,28.2,18.6,札幌
2025年9月6日,土,24.1,28.6,18.7,札幌
2025年9月7日,日,22.6,25.2,20.1,札幌
2025年9月8日,月,22.9,28.2,17.8,札幌
2025年9月9日,火,23.2,26.5,20.1,札幌
2025年9月10日,水,23.6,27.2,19.2,札幌
2025年9月11日,木,22.2,28.8,18.3,札幌
2025年9月12日,金,21.8,27.9,16.3,札幌
2025年9月13日,土,20.3,23.8,17,札幌
2025年9月14日,日,20.9,24.2,16.9,札幌
2025年9月15日,月,21.8,28.5,15.8,札幌
2025年9月16日,火,22.9,28.6,17.9,札幌
2025年9月17日,水,21.4,24.3,18.7,札幌
2025年9月18日,木,19.1,22.5,16.7,札幌
2025年9月19日,金,17.6,22.8,13.7,札幌
2025年9月20日,土,16,20.6,11.7,札幌
2025年9月21日,日,15.7,19.1,12.9,札幌
2025年9月22日,月,16.3,22.3,10.7,札幌
2025年9月23日,火,17.8,23.5,13,札幌
2025年9月24日,水,18.6,23.7,13,札幌
2025年9月25日,木,18.9,21.6,16.2,札幌
2025年9月26日,金,19.6,25.7,15.6,札幌
2025年9月27日,土,19.5,24.7,14.3,札幌
2025年9月28日,日,20.3,25.7,14.2,札幌
2025年9月29日,月,19.6,22.9,16.1,札幌
2025年9月30日,火,18.6,23.9,13.8,札幌
2025年10月1日,水,18.9,21.6,16.4,札幌
2025年10月2日,木,18.6,24.4,13.8,札幌
2025年10月3日,金,20.3,28.2,14.3,札幌
2025年10月4日,土,19.8,24.7,14.7,札幌
2025年10月5日,日,21,26.5,18.1,札幌
2025年10月6日,月,15.8,19.1,11.7,札幌
2025年10月7日,火,13.5,18.5,7.9,札幌
2025年10月8日,水,17.2,23.4,13.7,札幌
2025年10月9日,木,11.6,15.3,8.9,札幌
2025年10月10日,金,11.4,15.6,7.4,札幌
2025年10月11日,土,12.3,15.1,9.5,札幌
2025年10月12日,日,12.9,15.4,10.3,札幌
2025年10月13日,月,12.8,15.4,8.9,札幌
2025年10月14日,火,10.6,16.2,5.4,札幌
2025年10月15日,水,11.8,15.3,8.4,札幌
2025年10月16日,木,12.8,17.6,7.6,札幌
2025年10月17日,金,13.8,17.1,11.7,札幌
2025年10月18日,土,12.6,16.9,9.4,札幌
2025年10月19日,日,9.7,12.7,7.6,札幌
2025年10月20日,月,7,10.1,4.3,札幌
2025年10月21日,火,6.8,10.3,3.8,札幌
2025年10月22日,水,7.5,10.7,4.7,札幌
2025年10月23日,木,6.6,10.4,3,札幌
2025年10月24日,金,5.1,8.3,2.5,札幌
2025年10月25日,土,7.3,12.5,1.9,札幌
2025年10月26日,日,9.9,14.5,6.2,札幌
2025年10月27日,月,9.8,15.1,2.8,札幌
2025年10月28日,火,3.5,6.7,1.5,札幌
2025年10月29日,水,6.1,10.5,2.6,札幌
2025年10月30日,木,8.7,12.8,1.8,札幌
2025年10月31日,金,11.7,14.6,10.1,札幌
2025年11月1日,土,9.3,10.1,7.1,札幌
2025年11月2日,日,7.1,9.7,5.3,札幌
2025年11月3日,月,6.4,10,3.5,札幌
2025年11月4日,火,7.4,11.7,1.5,札幌
2025年11月5日,水,10.6,16.1,5.6,札幌
2025年11月6日,木,8.4,14.1,3.5,札幌
2025年11月7日,金,4.9,9.4,0.5,札幌
2025年11月8日,土,0,1.9,-2.1,札幌
2025年11月9日,日,5.4,9.7,0.4,札幌
2025年11月10日,月,4.1,8.8,0.8,札幌
2025年11月11日,火,2.3,4.3,0.5,札幌
2025年11月12日,水,4.5,8.3,1.9,札幌
2025年11月13日,木,9.3,13.9,4.9,札幌
2025年11月14日,金,4.6,6,2.2,札幌
2025年11月15日,土,5.2,8.8,2.8,札幌
2025年11月16日,日,6,10.3,-0.1,札幌
2025年11月17日,月,5.2,14.1,-0.6,札幌
2025年11月18日,火,-0.4,2.3,-2.2,札幌
2025年11月19日,水,1.7,3.4,-1.2,札幌
2025年11月20日,木,6,10.9,1.1,札幌
2025年11月21日,金,4,8.1,0.5,札幌
2025年11月22日,土,3.2,6,-0.5,札幌
2025年11月23日,日,7.5,10.9,3.7,札幌
2025年11月24日,月,6.9,12.8,2.5,札幌
2025年11月25日,火,5.4,9.8,0.9,札幌
2025年11月26日,水,5.9,7.1,3.2,札幌
2025年11月27日,木,5.2,9.3,1.6,札幌
2025年11月28日,金,7.6,11.3,2,札幌
2025年11月29日,土,2.1,5.1,0.3,札幌
2025年11月30日,日,6.5,12.3,1.8,札幌
2025年12月1日,月,6.7,14.7,1.5,札幌
2025年12月2日,火,2.1,5.3,-0.8,札幌
2025年12月3日,水,-0.6,2.4,-3.6,札幌
2025年12月4日,木,-3.5,-2.2,-5.4,札幌
2025年12月5日,金,-1.2,2,-4.7,札幌
2025年12月6日,土,3.1,6.4,-1.4,札幌
2025年12月7日,日,5.8,9.3,1.8,札幌
2025年12月8日,月,1.5,4.5,-0.5,札幌
2025年12月9日,火,-1.7,-0.2,-3.5,札幌
2025年12月10日,水,-1.2,1.3,-3.3,札幌
2025年12月11日,木,-1.5,2.5,-4.6,札幌
2025年12月12日,金,-5.5,-4.4,-6.8,札幌
2025年12月13日,土,-2,0.5,-5.2,札幌
2025年12月14日,日,-0.5,1.2,-1.9,札幌
2025年12月15日,月,1.5,3.6,0,札幌
2025年12月16日,火,-0.7,1.5,-4.1,札幌
2025年12月17日,水,-3,-1,-4.7,札幌
2025年12月18日,木,-2.8,-0.3,-4.8,札幌
2025年12月19日,金,0.4,4.7,-6,札幌
2025年12月20日,土,6.4,8.7,3.8,札幌
2025年12月21日,日,3,7,0.1,札幌
2025年12月22日,月,-1.5,0.2,-4.2,札幌
2025年12月23日,火,-1.6,1.5,-6.8,札幌
2025年12月24日,水,4,7,0.9,札幌
2025年12月25日,木,2.5,3.7,1.2,札幌
2025年12月26日,金,-2.1,2,-7.1,札幌
2025年12月27日,土,-6.4,-4.9,-8.6,札幌
2025年12月28日,日,-2.5,1.6,-5.6,札幌
2025年12月29日,月,2.9,5.6,-1.9,札幌
2025年12月30日,火,0.8,3.3,-2,札幌
2025年12月31日,水,-4.4,-1.6,-7.2,札幌
2026年1月1日,木,-7.7,-5.5,-8.8,札幌
2026年1月2日,金,-2.8,2.1,-7.5,札幌
2026年1月3日,土,-1.2,0.3,-3.3,札幌
2026年1月4日,日,-3.3,-1.2,-5.5,札幌
2026年1月5日,月,-6.5,-4.6,-9.8,札幌
2026年1月6日,火,-6.2,-3.2,-10.3,札幌
2026年1月7日,水,-2.9,1.1,-9.4,札幌
2026年1月8日,木,-3.4,0,-5.6,札幌
2026年1月9日,金,-4.3,-1.3,-9,札幌
2026年1月10日,土,0.5,4.1,-3.6,札幌
2026年1月11日,日,1.9,5.4,-2.8,札幌
2026年1月12日,月,-3.9,-2.1,-5.6,札幌
2026年1月13日,火,-3.8,-1.1,-6.4,札幌
2026年1月14日,水,-7.5,-6.4,-8.5,札幌
2026年1月15日,木,-4.7,-1.3,-7.5,札幌
2026年1月16日,金,-3.3,1.4,-6.8,札幌
2026年1月17日,土,-2.8,0.9,-6.2,札幌
2026年1月18日,日,-3.1,-0.1,-5.5,札幌
2026年1月19日,月,-3.8,0.1,-7,札幌
2026年1月20日,火,-5.1,-2.6,-7.8,札幌
2026年1月21日,水,-4.5,-2.4,-5.9,札幌
2026年1月22日,木,-4.7,-1.5,-6.8,札幌
2026年1月23日,金,-6.1,-3.1,-9.3,札幌
2026年1月24日,土,-6.7,-2.3,-10.9,札幌
2026年1月25日,日,-5.5,-3.8,-9.3,札幌
2026年1月26日,月,-7,-3.5,-12.3,札幌
2026年1月27日,火,-3.5,-0.9,-6.6,札幌
2026年1月28日,水,-4.2,-1.7,-6.8,札幌
2026年1月29日,木,-3.9,-1.1,-6.9,札幌
2026年1月30日,金,-3.4,0,-8.7,札幌
2026年1月31日,土,-1.7,0.1,-3.6,札幌
2026年2月1日,日,-2.4,-0.7,-3.9,札幌
2026年2月2日,月,-3.2,-0.2,-5.9,札幌
2026年2月3日,火,-3.7,1.5,-9,札幌
2026年2月4日,水,1.2,5,-2.3,札幌
2026年2月5日,木,-0.1,2.4,-3.1,札幌
2026年2月6日,金,-4.1,1.3,-8.5,札幌
2026年2月7日,土,-6.8,-3.1,-10,札幌
2026年2月8日,日,-6.7,-1.3,-11.1,札幌
2026年2月9日,月,-4.7,-1.7,-8.3,札幌
2026年2月10日,火,-0.1,3.1,-5.6,札幌
2026年2月11日,水,0.1,1.9,-2.6,札幌
2026年2月12日,木,-3,-0.3,-4.8,札幌
2026年2月13日,金,-1.7,1.2,-4.8,札幌
2026年2月14日,土,0.7,3.8,-4.3,札幌
2026年2月15日,日,2.8,5.8,0.6,札幌
2026年2月16日,月,-1.9,0.8,-3.3,札幌
2026年2月17日,火,0,3.6,-4.9,札幌
2026年2月18日,水,1.5,3.2,-1,札幌
2026年2月19日,木,-1.6,1.6,-3.2,札幌
2026年2月20日,金,-1.5,2,-7.4,札幌
2026年2月21日,土,4.3,7.9,-0.1,札幌
2026年2月22日,日,6.1,9.3,3.5,札幌
2026年2月23日,月,4.2,7.3,0.2,札幌
2026年2月24日,火,-0.4,1.6,-3,札幌
2026年2月25日,水,-0.3,3.4,-4.5,札幌
2026年2月26日,木,1.2,5.1,-3.6,札幌
2026年2月27日,金,3.2,5.1,0.9,札幌
2026年2月28日,土,3.6,6.8,2.1,札幌
2026年3月1日,日,0.4,2.2,-0.5,札幌
2026年3月2日,月,0.8,2.2,-0.1,札幌
2026年3月3日,火,1.1,4,-1.4,札幌
2026年3月4日,水,1.3,2.3,0.6,札幌
2026年3月5日,木,2.8,5.7,0.3,札幌
2026年3月6日,金,3,5,0.9,札幌
2026年3月7日,土,2.6,4.2,1.2,札幌
2026年3月8日,日,0.9,2.8,-0.7,札幌
2026年3月9日,月,0.1,3.4,-3,札幌
2026年3月10日,火,0.1,2.9,-2.3,札幌
2026年3月11日,水,0.7,4.4,-3.5,札幌
2026年3月12日,木,1.6,3.6,-1.5,札幌
2026年3月13日,金,2.9,4.9,1.1,札幌
2026年3月14日,土,3.7,5.2,2.6,札幌
2026年3月15日,日,4.4,6.9,1.7,札幌
2026年3月16日,月,3.9,6.8,0.9,札幌
2026年3月17日,火,2.8,6.3,-0.6,札幌
2026年3月18日,水,4,8.5,-1.4,札幌
2026年3月19日,木,4.1,6.5,1.4,札幌
2026年3月20日,金,3.9,8.5,0.9,札幌
2026年3月21日,土,1.7,3.9,-0.8,札幌
2026年3月22日,日,5.5,10.3,-0.8,札幌
2026年3月23日,月,5.8,7.9,4.4,札幌
2026年3月24日,火,5.2,8.4,2.3,札幌
2026年3月25日,水,6,12.4,-0.4,札幌
2026年3月26日,木,6.7,11.6,1.9,札幌
2026年3月27日,金,5.9,8.8,4.3,札幌
2026年3月28日,土,6.6,11.7,3.9,札幌
2026年3月29日,日,6.4,10.5,3.1,札幌
2026年3月30日,月,7.6,12.8,3.3,札幌
2026年3月31日,火,8.1,12.2,5.6,札幌
2026年4月1日,水,8.3,12.7,5.3,札幌
2026年4月2日,木,7.5,10.5,5.1,札幌
2026年4月3日,金,8.4,12.3,5.7,札幌
2026年4月4日,土,10.4,14.9,6.1,札幌
2026年4月5日,日,8,12.7,5.1,札幌
2026年4月6日,月,7.7,13.8,3.8,札幌
2026年4月7日,火,6.4,13.3,2.3,札幌
2026年4月8日,水,8.4,13.4,2,札幌
2026年4月9日,木,12,16.3,6.7,札幌
2026年4月10日,金,11.8,15.2,9.6,札幌
2026年4月11日,土,9,13.1,3.6,札幌
2026年4月12日,日,6.8,10.3,3.5,札幌
2026年4月13日,月,9.5,14.4,5.2,札幌
2026年4月14日,火,8.8,13.5,4.7,札幌
2026年4月15日,水,7.8,12.7,3.1,札幌
2026年4月16日,木,10,16.5,5.1,札幌
2026年4月17日,金,10.5,16.2,5.6,札幌
2026年4月18日,土,13.3,20,7.9,札幌
2026年4月19日,日,11.5,15.1,7.6,札幌
2026年4月20日,月,10.6,15.7,6.6,札幌
2026年4月21日,火,10.6,14,8.5,札幌
2026年4月22日,水,9,13.1,5.6,札幌
2026年4月23日,木,8,12.1,4.5,札幌
2026年4月24日,金,6.2,9.5,2.8,札幌
2026年4月25日,土,7.9,13.9,2.2,札幌
2026年4月26日,日,11.8,19.8,6.7,札幌
2026年4月27日,月,11.9,18.8,8.4,札幌
2026年4月28日,火,7.8,10,6.2,札幌
2026年4月29日,水,8.8,13.2,5.7,札幌
2026年4月30日,木,12.2,18.8,5.2,札幌
2026年5月1日,金,12.9,19.2,9,札幌
2026年5月2日,土,10.8,13.6,8,札幌
2026年5月3日,日,11.7,17.8,6,札幌
2026年5月4日,月,9.2,13.1,3.4,札幌
2026年5月5日,火,13.3,18.4,4.6,札幌
2026年5月6日,水,18.4,23.8,13,札幌
2026年5月7日,木,15.2,23.1,11.7,札幌
2026年5月8日,金,12.6,15.2,11.2,札幌
2026年5月9日,土,9.7,13.1,7.2,札幌
2026年5月10日,日,16.3,23.4,7.3,札幌
2026年5月11日,月,17.3,21.3,12.6,札幌
2026年5月12日,火,18.3,24.9,12.5,札幌
2026年5月13日,水,14.2,22.2,10.7,札幌
2026年5月14日,木,12.6,18.7,8.5,札幌
2026年5月15日,金,14.1,21.3,8,札幌
2026年5月16日,土,15.4,23.2,11.2,札幌
2026年5月17日,日,12.7,16.3,10,札幌
2026年5月18日,月,14.2,21,11.7,札幌
2026年5月19日,火,12.3,16,11.2,札幌
2026年5月20日,水,14.1,18.2,11.4,札幌
2026年5月21日,木,14.6,19.2,12,札幌
2026年5月22日,金,13.8,21.7,9,札幌
2026年5月23日,土,13.9,22.3,7.5,札幌
2026年5月24日,日,11.9,14.7,9.7,札幌
2026年5月25日,月,16,22.6,11.8,札幌
2026年5月26日,火,17.6,25.3,12.7,札幌
2026年5月27日,水,19.2,25.4,14.8,札幌
2026年5月28日,木,19.4,23.4,16.3,札幌
2026年5月29日,金,16.3,18.5,13.4,札幌
2026年5月30日,土,16.4,20.7,13.3,札幌
2026年5月31日,日,19.6,25.6,11.7,札幌
2026年6月1日,月,23,30.6,13.5,札幌
